topic,proportion,timeStep
Topic-0,7,01/27/17:23:00:01
Topic-1,12,01/27/17:23:00:01
Topic-2,8,01/27/17:23:00:01
Topic-3,3,01/27/17:23:00:01
Topic-4,11,01/27/17:23:00:01
Topic-5,2,01/27/17:23:00:01
Topic-6,1,01/27/17:23:00:01
Topic-7,1,01/27/17:23:00:01
Topic-8,3,01/27/17:23:00:01
Topic-9,1,01/27/17:23:00:01
Topic-0,67,01/27/17:23:30:01
Topic-1,32,01/27/17:23:30:01
Topic-2,6,01/27/17:23:30:01
Topic-3,19,01/27/17:23:30:01
Topic-4,31,01/27/17:23:30:01
Topic-5,9,01/27/17:23:30:01
Topic-6,13,01/27/17:23:30:01
Topic-7,1,01/27/17:23:30:01
Topic-8,17,01/27/17:23:30:01
Topic-9,0,01/27/17:23:30:01
Topic-0,89,01/28/17:00:00:01
Topic-1,38,01/28/17:00:00:01
Topic-2,23,01/28/17:00:00:01
Topic-3,31,01/28/17:00:00:01
Topic-4,51,01/28/17:00:00:01
Topic-5,7,01/28/17:00:00:01
Topic-6,4,01/28/17:00:00:01
Topic-7,12,01/28/17:00:00:01
Topic-8,25,01/28/17:00:00:01
Topic-9,2,01/28/17:00:00:01
Topic-0,133,01/28/17:00:30:01
Topic-1,31,01/28/17:00:30:01
Topic-2,33,01/28/17:00:30:01
Topic-3,44,01/28/17:00:30:01
Topic-4,64,01/28/17:00:30:01
Topic-5,8,01/28/17:00:30:01
Topic-6,5,01/28/17:00:30:01
Topic-7,14,01/28/17:00:30:01
Topic-8,28,01/28/17:00:30:01
Topic-9,5,01/28/17:00:30:01
Topic-0,139,01/28/17:01:00:01
Topic-1,30,01/28/17:01:00:01
Topic-2,33,01/28/17:01:00:01
Topic-3,62,01/28/17:01:00:01
Topic-4,81,01/28/17:01:00:01
Topic-5,7,01/28/17:01:00:01
Topic-6,3,01/28/17:01:00:01
Topic-7,10,01/28/17:01:00:01
Topic-8,42,01/28/17:01:00:01
Topic-9,0,01/28/17:01:00:01
Topic-0,119,01/28/17:01:30:01
Topic-1,23,01/28/17:01:30:01
Topic-2,23,01/28/17:01:30:01
Topic-3,62,01/28/17:01:30:01
Topic-4,79,01/28/17:01:30:01
Topic-5,10,01/28/17:01:30:01
Topic-6,11,01/28/17:01:30:01
Topic-7,19,01/28/17:01:30:01
Topic-8,51,01/28/17:01:30:01
Topic-9,2,01/28/17:01:30:01
Topic-0,132,01/28/17:02:00:01
Topic-1,40,01/28/17:02:00:01
Topic-2,27,01/28/17:02:00:01
Topic-3,50,01/28/17:02:00:01
Topic-4,51,01/28/17:02:00:01
Topic-5,8,01/28/17:02:00:01
Topic-6,4,01/28/17:02:00:01
Topic-7,12,01/28/17:02:00:01
Topic-8,49,01/28/17:02:00:01
Topic-9,0,01/28/17:02:00:01
Topic-0,110,01/28/17:02:30:01
Topic-1,28,01/28/17:02:30:01
Topic-2,18,01/28/17:02:30:01
Topic-3,55,01/28/17:02:30:01
Topic-4,63,01/28/17:02:30:01
Topic-5,7,01/28/17:02:30:01
Topic-6,6,01/28/17:02:30:01
Topic-7,11,01/28/17:02:30:01
Topic-8,44,01/28/17:02:30:01
Topic-9,1,01/28/17:02:30:01
Topic-0,103,01/28/17:03:00:01
Topic-1,30,01/28/17:03:00:01
Topic-2,22,01/28/17:03:00:01
Topic-3,67,01/28/17:03:00:01
Topic-4,56,01/28/17:03:00:01
Topic-5,9,01/28/17:03:00:01
Topic-6,2,01/28/17:03:00:01
Topic-7,6,01/28/17:03:00:01
Topic-8,48,01/28/17:03:00:01
Topic-9,2,01/28/17:03:00:01
Topic-0,102,01/28/17:03:30:01
Topic-1,28,01/28/17:03:30:01
Topic-2,13,01/28/17:03:30:01
Topic-3,50,01/28/17:03:30:01
Topic-4,63,01/28/17:03:30:01
Topic-5,6,01/28/17:03:30:01
Topic-6,9,01/28/17:03:30:01
Topic-7,10,01/28/17:03:30:01
Topic-8,42,01/28/17:03:30:01
Topic-9,2,01/28/17:03:30:01
Topic-0,93,01/28/17:04:00:01
Topic-1,13,01/28/17:04:00:01
Topic-2,22,01/28/17:04:00:01
Topic-3,24,01/28/17:04:00:01
Topic-4,42,01/28/17:04:00:01
Topic-5,6,01/28/17:04:00:01
Topic-6,7,01/28/17:04:00:01
Topic-7,8,01/28/17:04:00:01
Topic-8,33,01/28/17:04:00:01
Topic-9,0,01/28/17:04:00:01
Topic-0,65,01/28/17:04:30:01
Topic-1,35,01/28/17:04:30:01
Topic-2,10,01/28/17:04:30:01
Topic-3,36,01/28/17:04:30:01
Topic-4,35,01/28/17:04:30:01
Topic-5,5,01/28/17:04:30:01
Topic-6,6,01/28/17:04:30:01
Topic-7,18,01/28/17:04:30:01
Topic-8,43,01/28/17:04:30:01
Topic-9,2,01/28/17:04:30:01
Topic-0,62,01/28/17:05:00:01
Topic-1,22,01/28/17:05:00:01
Topic-2,9,01/28/17:05:00:01
Topic-3,32,01/28/17:05:00:01
Topic-4,37,01/28/17:05:00:01
Topic-5,5,01/28/17:05:00:01
Topic-6,2,01/28/17:05:00:01
Topic-7,7,01/28/17:05:00:01
Topic-8,37,01/28/17:05:00:01
Topic-9,0,01/28/17:05:00:01
Topic-0,56,01/28/17:05:30:01
Topic-1,23,01/28/17:05:30:01
Topic-2,14,01/28/17:05:30:01
Topic-3,22,01/28/17:05:30:01
Topic-4,22,01/28/17:05:30:01
Topic-5,8,01/28/17:05:30:01
Topic-6,6,01/28/17:05:30:01
Topic-7,2,01/28/17:05:30:01
Topic-8,47,01/28/17:05:30:01
Topic-9,0,01/28/17:05:30:01
Topic-0,48,01/28/17:06:00:01
Topic-1,27,01/28/17:06:00:01
Topic-2,7,01/28/17:06:00:01
Topic-3,34,01/28/17:06:00:01
Topic-4,22,01/28/17:06:00:01
Topic-5,1,01/28/17:06:00:01
Topic-6,5,01/28/17:06:00:01
Topic-7,5,01/28/17:06:00:01
Topic-8,36,01/28/17:06:00:01
Topic-9,0,01/28/17:06:00:01
Topic-0,35,01/28/17:06:30:01
Topic-1,14,01/28/17:06:30:01
Topic-2,12,01/28/17:06:30:01
Topic-3,29,01/28/17:06:30:01
Topic-4,26,01/28/17:06:30:01
Topic-5,7,01/28/17:06:30:01
Topic-6,3,01/28/17:06:30:01
Topic-7,0,01/28/17:06:30:01
Topic-8,38,01/28/17:06:30:01
Topic-9,1,01/28/17:06:30:01
Topic-0,43,01/28/17:07:00:01
Topic-1,11,01/28/17:07:00:01
Topic-2,14,01/28/17:07:00:01
Topic-3,17,01/28/17:07:00:01
Topic-4,36,01/28/17:07:00:01
Topic-5,1,01/28/17:07:00:01
Topic-6,2,01/28/17:07:00:01
Topic-7,2,01/28/17:07:00:01
Topic-8,37,01/28/17:07:00:01
Topic-9,1,01/28/17:07:00:01
Topic-0,40,01/28/17:07:30:01
Topic-1,16,01/28/17:07:30:01
Topic-2,5,01/28/17:07:30:01
Topic-3,15,01/28/17:07:30:01
Topic-4,28,01/28/17:07:30:01
Topic-5,6,01/28/17:07:30:01
Topic-6,6,01/28/17:07:30:01
Topic-7,3,01/28/17:07:30:01
Topic-8,29,01/28/17:07:30:01
Topic-9,1,01/28/17:07:30:01
Topic-0,38,01/28/17:08:00:01
Topic-1,23,01/28/17:08:00:01
Topic-2,7,01/28/17:08:00:01
Topic-3,21,01/28/17:08:00:01
Topic-4,16,01/28/17:08:00:01
Topic-5,0,01/28/17:08:00:01
Topic-6,8,01/28/17:08:00:01
Topic-7,4,01/28/17:08:00:01
Topic-8,24,01/28/17:08:00:01
Topic-9,1,01/28/17:08:00:01
Topic-0,35,01/28/17:08:30:01
Topic-1,23,01/28/17:08:30:01
Topic-2,6,01/28/17:08:30:01
Topic-3,25,01/28/17:08:30:01
Topic-4,29,01/28/17:08:30:01
Topic-5,10,01/28/17:08:30:01
Topic-6,6,01/28/17:08:30:01
Topic-7,11,01/28/17:08:30:01
Topic-8,23,01/28/17:08:30:01
Topic-9,0,01/28/17:08:30:01
Topic-0,27,01/28/17:09:00:01
Topic-1,10,01/28/17:09:00:01
Topic-2,8,01/28/17:09:00:01
Topic-3,32,01/28/17:09:00:01
Topic-4,44,01/28/17:09:00:01
Topic-5,5,01/28/17:09:00:01
Topic-6,6,01/28/17:09:00:01
Topic-7,7,01/28/17:09:00:01
Topic-8,28,01/28/17:09:00:01
Topic-9,0,01/28/17:09:00:01
Topic-0,43,01/28/17:09:30:01
Topic-1,24,01/28/17:09:30:01
Topic-2,3,01/28/17:09:30:01
Topic-3,35,01/28/17:09:30:01
Topic-4,24,01/28/17:09:30:01
Topic-5,2,01/28/17:09:30:01
Topic-6,10,01/28/17:09:30:01
Topic-7,1,01/28/17:09:30:01
Topic-8,35,01/28/17:09:30:01
Topic-9,1,01/28/17:09:30:01
Topic-0,54,01/28/17:10:00:01
Topic-1,31,01/28/17:10:00:01
Topic-2,6,01/28/17:10:00:01
Topic-3,23,01/28/17:10:00:01
Topic-4,30,01/28/17:10:00:01
Topic-5,3,01/28/17:10:00:01
Topic-6,1,01/28/17:10:00:01
Topic-7,8,01/28/17:10:00:01
Topic-8,23,01/28/17:10:00:01
Topic-9,0,01/28/17:10:00:01
Topic-0,56,01/28/17:10:30:01
Topic-1,35,01/28/17:10:30:01
Topic-2,8,01/28/17:10:30:01
Topic-3,30,01/28/17:10:30:01
Topic-4,41,01/28/17:10:30:01
Topic-5,9,01/28/17:10:30:01
Topic-6,13,01/28/17:10:30:01
Topic-7,4,01/28/17:10:30:01
Topic-8,24,01/28/17:10:30:01
Topic-9,0,01/28/17:10:30:01
Topic-0,31,01/28/17:11:00:01
Topic-1,38,01/28/17:11:00:01
Topic-2,12,01/28/17:11:00:01
Topic-3,23,01/28/17:11:00:01
Topic-4,30,01/28/17:11:00:01
Topic-5,5,01/28/17:11:00:01
Topic-6,4,01/28/17:11:00:01
Topic-7,4,01/28/17:11:00:01
Topic-8,47,01/28/17:11:00:01
Topic-9,1,01/28/17:11:00:01
Topic-0,62,01/28/17:11:30:01
Topic-1,39,01/28/17:11:30:01
Topic-2,8,01/28/17:11:30:01
Topic-3,26,01/28/17:11:30:01
Topic-4,31,01/28/17:11:30:01
Topic-5,9,01/28/17:11:30:01
Topic-6,5,01/28/17:11:30:01
Topic-7,4,01/28/17:11:30:01
Topic-8,46,01/28/17:11:30:01
Topic-9,1,01/28/17:11:30:01
Topic-0,106,01/28/17:12:00:01
Topic-1,64,01/28/17:12:00:01
Topic-2,29,01/28/17:12:00:01
Topic-3,23,01/28/17:12:00:01
Topic-4,54,01/28/17:12:00:01
Topic-5,3,01/28/17:12:00:01
Topic-6,8,01/28/17:12:00:01
Topic-7,11,01/28/17:12:00:01
Topic-8,44,01/28/17:12:00:01
Topic-9,0,01/28/17:12:00:01
Topic-0,129,01/28/17:12:30:01
Topic-1,74,01/28/17:12:30:01
Topic-2,14,01/28/17:12:30:01
Topic-3,59,01/28/17:12:30:01
Topic-4,67,01/28/17:12:30:01
Topic-5,11,01/28/17:12:30:01
Topic-6,2,01/28/17:12:30:01
Topic-7,8,01/28/17:12:30:01
Topic-8,68,01/28/17:12:30:01
Topic-9,1,01/28/17:12:30:01
Topic-0,116,01/28/17:13:00:01
Topic-1,101,01/28/17:13:00:01
Topic-2,24,01/28/17:13:00:01
Topic-3,84,01/28/17:13:00:01
Topic-4,83,01/28/17:13:00:01
Topic-5,12,01/28/17:13:00:01
Topic-6,1,01/28/17:13:00:01
Topic-7,14,01/28/17:13:00:01
Topic-8,82,01/28/17:13:00:01
Topic-9,1,01/28/17:13:00:01
Topic-0,150,01/28/17:13:30:01
Topic-1,106,01/28/17:13:30:01
Topic-2,23,01/28/17:13:30:01
Topic-3,44,01/28/17:13:30:01
Topic-4,106,01/28/17:13:30:01
Topic-5,12,01/28/17:13:30:01
Topic-6,9,01/28/17:13:30:01
Topic-7,19,01/28/17:13:30:01
Topic-8,66,01/28/17:13:30:01
Topic-9,4,01/28/17:13:30:01
Topic-0,161,01/28/17:14:00:01
Topic-1,120,01/28/17:14:00:01
Topic-2,29,01/28/17:14:00:01
Topic-3,49,01/28/17:14:00:01
Topic-4,100,01/28/17:14:00:01
Topic-5,15,01/28/17:14:00:01
Topic-6,6,01/28/17:14:00:01
Topic-7,12,01/28/17:14:00:01
Topic-8,67,01/28/17:14:00:01
Topic-9,3,01/28/17:14:00:01
Topic-0,181,01/28/17:14:30:01
Topic-1,134,01/28/17:14:30:01
Topic-2,18,01/28/17:14:30:01
Topic-3,56,01/28/17:14:30:01
Topic-4,116,01/28/17:14:30:01
Topic-5,21,01/28/17:14:30:01
Topic-6,9,01/28/17:14:30:01
Topic-7,12,01/28/17:14:30:01
Topic-8,74,01/28/17:14:30:01
Topic-9,1,01/28/17:14:30:01
Topic-0,184,01/28/17:15:00:01
Topic-1,145,01/28/17:15:00:01
Topic-2,16,01/28/17:15:00:01
Topic-3,39,01/28/17:15:00:01
Topic-4,113,01/28/17:15:00:01
Topic-5,16,01/28/17:15:00:01
Topic-6,9,01/28/17:15:00:01
Topic-7,19,01/28/17:15:00:01
Topic-8,88,01/28/17:15:00:01
Topic-9,3,01/28/17:15:00:01
Topic-0,206,01/28/17:15:30:01
Topic-1,142,01/28/17:15:30:01
Topic-2,23,01/28/17:15:30:01
Topic-3,72,01/28/17:15:30:01
Topic-4,139,01/28/17:15:30:01
Topic-5,24,01/28/17:15:30:01
Topic-6,16,01/28/17:15:30:01
Topic-7,19,01/28/17:15:30:01
Topic-8,82,01/28/17:15:30:01
Topic-9,0,01/28/17:15:30:01
Topic-0,235,01/28/17:16:00:01
Topic-1,138,01/28/17:16:00:01
Topic-2,31,01/28/17:16:00:01
Topic-3,61,01/28/17:16:00:01
Topic-4,116,01/28/17:16:00:01
Topic-5,21,01/28/17:16:00:01
Topic-6,3,01/28/17:16:00:01
Topic-7,34,01/28/17:16:00:01
Topic-8,98,01/28/17:16:00:01
Topic-9,1,01/28/17:16:00:01
Topic-0,227,01/28/17:16:30:01
Topic-1,127,01/28/17:16:30:01
Topic-2,25,01/28/17:16:30:01
Topic-3,47,01/28/17:16:30:01
Topic-4,153,01/28/17:16:30:01
Topic-5,17,01/28/17:16:30:01
Topic-6,15,01/28/17:16:30:01
Topic-7,21,01/28/17:16:30:01
Topic-8,97,01/28/17:16:30:01
Topic-9,2,01/28/17:16:30:01
Topic-0,218,01/28/17:17:00:01
Topic-1,121,01/28/17:17:00:01
Topic-2,11,01/28/17:17:00:01
Topic-3,72,01/28/17:17:00:01
Topic-4,166,01/28/17:17:00:01
Topic-5,30,01/28/17:17:00:01
Topic-6,6,01/28/17:17:00:01
Topic-7,24,01/28/17:17:00:01
Topic-8,65,01/28/17:17:00:01
Topic-9,0,01/28/17:17:00:01
Topic-0,221,01/28/17:17:30:01
Topic-1,161,01/28/17:17:30:01
Topic-2,11,01/28/17:17:30:01
Topic-3,37,01/28/17:17:30:01
Topic-4,183,01/28/17:17:30:01
Topic-5,27,01/28/17:17:30:01
Topic-6,8,01/28/17:17:30:01
Topic-7,30,01/28/17:17:30:01
Topic-8,91,01/28/17:17:30:01
Topic-9,0,01/28/17:17:30:01
Topic-0,232,01/28/17:18:00:01
Topic-1,114,01/28/17:18:00:01
Topic-2,11,01/28/17:18:00:01
Topic-3,46,01/28/17:18:00:01
Topic-4,188,01/28/17:18:00:01
Topic-5,21,01/28/17:18:00:01
Topic-6,12,01/28/17:18:00:01
Topic-7,19,01/28/17:18:00:01
Topic-8,106,01/28/17:18:00:01
Topic-9,5,01/28/17:18:00:01
Topic-0,251,01/28/17:18:30:01
Topic-1,101,01/28/17:18:30:01
Topic-2,8,01/28/17:18:30:01
Topic-3,49,01/28/17:18:30:01
Topic-4,182,01/28/17:18:30:01
Topic-5,26,01/28/17:18:30:01
Topic-6,6,01/28/17:18:30:01
Topic-7,20,01/28/17:18:30:01
Topic-8,94,01/28/17:18:30:01
Topic-9,1,01/28/17:18:30:01
Topic-0,204,01/28/17:19:00:01
Topic-1,131,01/28/17:19:00:01
Topic-2,16,01/28/17:19:00:01
Topic-3,66,01/28/17:19:00:01
Topic-4,158,01/28/17:19:00:01
Topic-5,31,01/28/17:19:00:01
Topic-6,16,01/28/17:19:00:01
Topic-7,13,01/28/17:19:00:01
Topic-8,78,01/28/17:19:00:01
Topic-9,3,01/28/17:19:00:01
Topic-0,234,01/28/17:19:30:01
Topic-1,132,01/28/17:19:30:01
Topic-2,30,01/28/17:19:30:01
Topic-3,31,01/28/17:19:30:01
Topic-4,207,01/28/17:19:30:01
Topic-5,35,01/28/17:19:30:01
Topic-6,12,01/28/17:19:30:01
Topic-7,9,01/28/17:19:30:01
Topic-8,119,01/28/17:19:30:01
Topic-9,3,01/28/17:19:30:01
Topic-0,224,01/28/17:20:00:01
Topic-1,128,01/28/17:20:00:01
Topic-2,27,01/28/17:20:00:01
Topic-3,45,01/28/17:20:00:01
Topic-4,155,01/28/17:20:00:01
Topic-5,42,01/28/17:20:00:01
Topic-6,15,01/28/17:20:00:01
Topic-7,20,01/28/17:20:00:01
Topic-8,96,01/28/17:20:00:01
Topic-9,4,01/28/17:20:00:01
Topic-0,206,01/28/17:20:30:01
Topic-1,172,01/28/17:20:30:01
Topic-2,24,01/28/17:20:30:01
Topic-3,39,01/28/17:20:30:01
Topic-4,175,01/28/17:20:30:01
Topic-5,47,01/28/17:20:30:01
Topic-6,20,01/28/17:20:30:01
Topic-7,23,01/28/17:20:30:01
Topic-8,96,01/28/17:20:30:01
Topic-9,7,01/28/17:20:30:01
Topic-0,234,01/28/17:21:00:01
Topic-1,194,01/28/17:21:00:01
Topic-2,16,01/28/17:21:00:01
Topic-3,31,01/28/17:21:00:01
Topic-4,133,01/28/17:21:00:01
Topic-5,36,01/28/17:21:00:01
Topic-6,13,01/28/17:21:00:01
Topic-7,21,01/28/17:21:00:01
Topic-8,66,01/28/17:21:00:01
Topic-9,1,01/28/17:21:00:01
Topic-0,231,01/28/17:21:30:01
Topic-1,151,01/28/17:21:30:01
Topic-2,10,01/28/17:21:30:01
Topic-3,47,01/28/17:21:30:01
Topic-4,126,01/28/17:21:30:01
Topic-5,22,01/28/17:21:30:01
Topic-6,12,01/28/17:21:30:01
Topic-7,20,01/28/17:21:30:01
Topic-8,56,01/28/17:21:30:01
Topic-9,2,01/28/17:21:30:01
Topic-0,203,01/28/17:22:00:01
Topic-1,167,01/28/17:22:00:01
Topic-2,8,01/28/17:22:00:01
Topic-3,57,01/28/17:22:00:01
Topic-4,133,01/28/17:22:00:01
Topic-5,17,01/28/17:22:00:01
Topic-6,19,01/28/17:22:00:01
Topic-7,18,01/28/17:22:00:01
Topic-8,44,01/28/17:22:00:01
Topic-9,2,01/28/17:22:00:01
Topic-0,203,01/28/17:22:30:01
Topic-1,158,01/28/17:22:30:01
Topic-2,21,01/28/17:22:30:01
Topic-3,35,01/28/17:22:30:01
Topic-4,111,01/28/17:22:30:01
Topic-5,9,01/28/17:22:30:01
Topic-6,16,01/28/17:22:30:01
Topic-7,24,01/28/17:22:30:01
Topic-8,50,01/28/17:22:30:01
Topic-9,3,01/28/17:22:30:01
Topic-0,192,01/28/17:23:00:01
Topic-1,167,01/28/17:23:00:01
Topic-2,21,01/28/17:23:00:01
Topic-3,9,01/28/17:23:00:01
Topic-4,108,01/28/17:23:00:01
Topic-5,21,01/28/17:23:00:01
Topic-6,31,01/28/17:23:00:01
Topic-7,38,01/28/17:23:00:01
Topic-8,54,01/28/17:23:00:01
Topic-9,1,01/28/17:23:00:01
Topic-0,166,01/28/17:23:30:01
Topic-1,156,01/28/17:23:30:01
Topic-2,29,01/28/17:23:30:01
Topic-3,32,01/28/17:23:30:01
Topic-4,126,01/28/17:23:30:01
Topic-5,14,01/28/17:23:30:01
Topic-6,15,01/28/17:23:30:01
Topic-7,18,01/28/17:23:30:01
Topic-8,53,01/28/17:23:30:01
Topic-9,4,01/28/17:23:30:01
Topic-0,166,01/29/17:00:00:01
Topic-1,152,01/29/17:00:00:01
Topic-2,66,01/29/17:00:00:01
Topic-3,18,01/29/17:00:00:01
Topic-4,98,01/29/17:00:00:01
Topic-5,30,01/29/17:00:00:01
Topic-6,10,01/29/17:00:00:01
Topic-7,19,01/29/17:00:00:01
Topic-8,20,01/29/17:00:00:01
Topic-9,4,01/29/17:00:00:01
Topic-0,139,01/29/17:00:30:01
Topic-1,133,01/29/17:00:30:01
Topic-2,260,01/29/17:00:30:01
Topic-3,15,01/29/17:00:30:01
Topic-4,111,01/29/17:00:30:01
Topic-5,22,01/29/17:00:30:01
Topic-6,11,01/29/17:00:30:01
Topic-7,39,01/29/17:00:30:01
Topic-8,37,01/29/17:00:30:01
Topic-9,1,01/29/17:00:30:01
Topic-0,159,01/29/17:01:00:01
Topic-1,146,01/29/17:01:00:01
Topic-2,202,01/29/17:01:00:01
Topic-3,27,01/29/17:01:00:01
Topic-4,77,01/29/17:01:00:01
Topic-5,14,01/29/17:01:00:01
Topic-6,8,01/29/17:01:00:01
Topic-7,67,01/29/17:01:00:01
Topic-8,17,01/29/17:01:00:01
Topic-9,1,01/29/17:01:00:01
Topic-0,149,01/29/17:01:30:01
Topic-1,105,01/29/17:01:30:01
Topic-2,122,01/29/17:01:30:01
Topic-3,17,01/29/17:01:30:01
Topic-4,82,01/29/17:01:30:01
Topic-5,27,01/29/17:01:30:01
Topic-6,17,01/29/17:01:30:01
Topic-7,60,01/29/17:01:30:01
Topic-8,30,01/29/17:01:30:01
Topic-9,1,01/29/17:01:30:01
Topic-0,130,01/29/17:02:00:01
Topic-1,77,01/29/17:02:00:01
Topic-2,69,01/29/17:02:00:01
Topic-3,18,01/29/17:02:00:01
Topic-4,81,01/29/17:02:00:01
Topic-5,20,01/29/17:02:00:01
Topic-6,4,01/29/17:02:00:01
Topic-7,47,01/29/17:02:00:01
Topic-8,30,01/29/17:02:00:01
Topic-9,2,01/29/17:02:00:01
Topic-0,132,01/29/17:02:30:01
Topic-1,104,01/29/17:02:30:01
Topic-2,69,01/29/17:02:30:01
Topic-3,21,01/29/17:02:30:01
Topic-4,88,01/29/17:02:30:01
Topic-5,14,01/29/17:02:30:01
Topic-6,4,01/29/17:02:30:01
Topic-7,36,01/29/17:02:30:01
Topic-8,25,01/29/17:02:30:01
Topic-9,2,01/29/17:02:30:01
Topic-0,105,01/29/17:03:00:01
Topic-1,102,01/29/17:03:00:01
Topic-2,58,01/29/17:03:00:01
Topic-3,16,01/29/17:03:00:01
Topic-4,47,01/29/17:03:00:01
Topic-5,9,01/29/17:03:00:01
Topic-6,7,01/29/17:03:00:01
Topic-7,42,01/29/17:03:00:01
Topic-8,50,01/29/17:03:00:01
Topic-9,5,01/29/17:03:00:01
Topic-0,91,01/29/17:03:30:01
Topic-1,82,01/29/17:03:30:01
Topic-2,48,01/29/17:03:30:01
Topic-3,15,01/29/17:03:30:01
Topic-4,51,01/29/17:03:30:01
Topic-5,6,01/29/17:03:30:01
Topic-6,4,01/29/17:03:30:01
Topic-7,31,01/29/17:03:30:01
Topic-8,27,01/29/17:03:30:01
Topic-9,1,01/29/17:03:30:01
Topic-0,96,01/29/17:04:00:01
Topic-1,62,01/29/17:04:00:01
Topic-2,41,01/29/17:04:00:01
Topic-3,15,01/29/17:04:00:01
Topic-4,74,01/29/17:04:00:01
Topic-5,6,01/29/17:04:00:01
Topic-6,6,01/29/17:04:00:01
Topic-7,37,01/29/17:04:00:01
Topic-8,22,01/29/17:04:00:01
Topic-9,3,01/29/17:04:00:01
Topic-0,111,01/29/17:04:30:01
Topic-1,59,01/29/17:04:30:01
Topic-2,54,01/29/17:04:30:01
Topic-3,23,01/29/17:04:30:01
Topic-4,53,01/29/17:04:30:01
Topic-5,3,01/29/17:04:30:01
Topic-6,2,01/29/17:04:30:01
Topic-7,21,01/29/17:04:30:01
Topic-8,31,01/29/17:04:30:01
Topic-9,0,01/29/17:04:30:01
Topic-0,108,01/29/17:05:00:01
Topic-1,47,01/29/17:05:00:01
Topic-2,32,01/29/17:05:00:01
Topic-3,11,01/29/17:05:00:01
Topic-4,43,01/29/17:05:00:01
Topic-5,9,01/29/17:05:00:01
Topic-6,12,01/29/17:05:00:01
Topic-7,34,01/29/17:05:00:01
Topic-8,18,01/29/17:05:00:01
Topic-9,2,01/29/17:05:00:01
Topic-0,74,01/29/17:05:30:01
Topic-1,55,01/29/17:05:30:01
Topic-2,44,01/29/17:05:30:01
Topic-3,12,01/29/17:05:30:01
Topic-4,37,01/29/17:05:30:01
Topic-5,5,01/29/17:05:30:01
Topic-6,9,01/29/17:05:30:01
Topic-7,14,01/29/17:05:30:01
Topic-8,26,01/29/17:05:30:01
Topic-9,0,01/29/17:05:30:01
Topic-0,71,01/29/17:06:00:01
Topic-1,66,01/29/17:06:00:01
Topic-2,20,01/29/17:06:00:01
Topic-3,8,01/29/17:06:00:01
Topic-4,41,01/29/17:06:00:01
Topic-5,8,01/29/17:06:00:01
Topic-6,6,01/29/17:06:00:01
Topic-7,12,01/29/17:06:00:01
Topic-8,20,01/29/17:06:00:01
Topic-9,2,01/29/17:06:00:01
Topic-0,81,01/29/17:06:30:01
Topic-1,34,01/29/17:06:30:01
Topic-2,15,01/29/17:06:30:01
Topic-3,13,01/29/17:06:30:01
Topic-4,25,01/29/17:06:30:01
Topic-5,7,01/29/17:06:30:01
Topic-6,10,01/29/17:06:30:01
Topic-7,30,01/29/17:06:30:01
Topic-8,19,01/29/17:06:30:01
Topic-9,0,01/29/17:06:30:01
Topic-0,72,01/29/17:07:00:01
Topic-1,36,01/29/17:07:00:01
Topic-2,25,01/29/17:07:00:01
Topic-3,22,01/29/17:07:00:01
Topic-4,45,01/29/17:07:00:01
Topic-5,8,01/29/17:07:00:01
Topic-6,7,01/29/17:07:00:01
Topic-7,20,01/29/17:07:00:01
Topic-8,29,01/29/17:07:00:01
Topic-9,0,01/29/17:07:00:01
Topic-0,75,01/29/17:07:30:01
Topic-1,50,01/29/17:07:30:01
Topic-2,16,01/29/17:07:30:01
Topic-3,16,01/29/17:07:30:01
Topic-4,50,01/29/17:07:30:01
Topic-5,9,01/29/17:07:30:01
Topic-6,6,01/29/17:07:30:01
Topic-7,42,01/29/17:07:30:01
Topic-8,30,01/29/17:07:30:01
Topic-9,0,01/29/17:07:30:01
Topic-0,83,01/29/17:08:00:01
Topic-1,45,01/29/17:08:00:01
Topic-2,15,01/29/17:08:00:01
Topic-3,11,01/29/17:08:00:01
Topic-4,55,01/29/17:08:00:01
Topic-5,5,01/29/17:08:00:01
Topic-6,6,01/29/17:08:00:01
Topic-7,8,01/29/17:08:00:01
Topic-8,23,01/29/17:08:00:01
Topic-9,1,01/29/17:08:00:01
Topic-0,76,01/29/17:08:30:01
Topic-1,38,01/29/17:08:30:01
Topic-2,24,01/29/17:08:30:01
Topic-3,9,01/29/17:08:30:01
Topic-4,39,01/29/17:08:30:01
Topic-5,11,01/29/17:08:30:01
Topic-6,24,01/29/17:08:30:01
Topic-7,15,01/29/17:08:30:01
Topic-8,16,01/29/17:08:30:01
Topic-9,3,01/29/17:08:30:01
Topic-0,65,01/29/17:09:00:01
Topic-1,47,01/29/17:09:00:01
Topic-2,18,01/29/17:09:00:01
Topic-3,12,01/29/17:09:00:01
Topic-4,52,01/29/17:09:00:01
Topic-5,11,01/29/17:09:00:01
Topic-6,34,01/29/17:09:00:01
Topic-7,25,01/29/17:09:00:01
Topic-8,28,01/29/17:09:00:01
Topic-9,0,01/29/17:09:00:01
Topic-0,84,01/29/17:09:30:01
Topic-1,44,01/29/17:09:30:01
Topic-2,26,01/29/17:09:30:01
Topic-3,6,01/29/17:09:30:01
Topic-4,35,01/29/17:09:30:01
Topic-5,5,01/29/17:09:30:01
Topic-6,56,01/29/17:09:30:01
Topic-7,22,01/29/17:09:30:01
Topic-8,32,01/29/17:09:30:01
Topic-9,0,01/29/17:09:30:01
Topic-0,74,01/29/17:10:00:01
Topic-1,37,01/29/17:10:00:01
Topic-2,16,01/29/17:10:00:01
Topic-3,11,01/29/17:10:00:01
Topic-4,43,01/29/17:10:00:01
Topic-5,13,01/29/17:10:00:01
Topic-6,58,01/29/17:10:00:01
Topic-7,31,01/29/17:10:00:01
Topic-8,35,01/29/17:10:00:01
Topic-9,0,01/29/17:10:00:01
Topic-0,84,01/29/17:10:30:01
Topic-1,50,01/29/17:10:30:01
Topic-2,21,01/29/17:10:30:01
Topic-3,15,01/29/17:10:30:01
Topic-4,74,01/29/17:10:30:01
Topic-5,3,01/29/17:10:30:01
Topic-6,43,01/29/17:10:30:01
Topic-7,30,01/29/17:10:30:01
Topic-8,29,01/29/17:10:30:01
Topic-9,1,01/29/17:10:30:01
Topic-0,93,01/29/17:11:00:01
Topic-1,39,01/29/17:11:00:01
Topic-2,31,01/29/17:11:00:01
Topic-3,22,01/29/17:11:00:01
Topic-4,62,01/29/17:11:00:01
Topic-5,24,01/29/17:11:00:01
Topic-6,65,01/29/17:11:00:01
Topic-7,32,01/29/17:11:00:01
Topic-8,26,01/29/17:11:00:01
Topic-9,1,01/29/17:11:00:01
Topic-0,125,01/29/17:11:30:01
Topic-1,67,01/29/17:11:30:01
Topic-2,37,01/29/17:11:30:01
Topic-3,25,01/29/17:11:30:01
Topic-4,99,01/29/17:11:30:01
Topic-5,34,01/29/17:11:30:01
Topic-6,64,01/29/17:11:30:01
Topic-7,22,01/29/17:11:30:01
Topic-8,29,01/29/17:11:30:01
Topic-9,0,01/29/17:11:30:01
Topic-0,157,01/29/17:12:00:01
Topic-1,60,01/29/17:12:00:01
Topic-2,43,01/29/17:12:00:01
Topic-3,21,01/29/17:12:00:01
Topic-4,92,01/29/17:12:00:01
Topic-5,40,01/29/17:12:00:01
Topic-6,67,01/29/17:12:00:01
Topic-7,26,01/29/17:12:00:01
Topic-8,44,01/29/17:12:00:01
Topic-9,1,01/29/17:12:00:01
Topic-0,151,01/29/17:12:30:01
Topic-1,81,01/29/17:12:30:01
Topic-2,47,01/29/17:12:30:01
Topic-3,23,01/29/17:12:30:01
Topic-4,88,01/29/17:12:30:01
Topic-5,30,01/29/17:12:30:01
Topic-6,49,01/29/17:12:30:01
Topic-7,66,01/29/17:12:30:01
Topic-8,36,01/29/17:12:30:01
Topic-9,2,01/29/17:12:30:01
Topic-0,154,01/29/17:13:00:01
Topic-1,102,01/29/17:13:00:01
Topic-2,59,01/29/17:13:00:01
Topic-3,35,01/29/17:13:00:01
Topic-4,125,01/29/17:13:00:01
Topic-5,26,01/29/17:13:00:01
Topic-6,44,01/29/17:13:00:01
Topic-7,49,01/29/17:13:00:01
Topic-8,39,01/29/17:13:00:01
Topic-9,0,01/29/17:13:00:01
Topic-0,199,01/29/17:13:30:01
Topic-1,103,01/29/17:13:30:01
Topic-2,39,01/29/17:13:30:01
Topic-3,15,01/29/17:13:30:01
Topic-4,127,01/29/17:13:30:01
Topic-5,41,01/29/17:13:30:01
Topic-6,55,01/29/17:13:30:01
Topic-7,55,01/29/17:13:30:01
Topic-8,26,01/29/17:13:30:01
Topic-9,2,01/29/17:13:30:01
Topic-0,183,01/29/17:14:00:01
Topic-1,107,01/29/17:14:00:01
Topic-2,40,01/29/17:14:00:01
Topic-3,23,01/29/17:14:00:01
Topic-4,115,01/29/17:14:00:01
Topic-5,34,01/29/17:14:00:01
Topic-6,48,01/29/17:14:00:01
Topic-7,50,01/29/17:14:00:01
Topic-8,38,01/29/17:14:00:01
Topic-9,2,01/29/17:14:00:01
Topic-0,176,01/29/17:14:30:01
Topic-1,149,01/29/17:14:30:01
Topic-2,48,01/29/17:14:30:01
Topic-3,33,01/29/17:14:30:01
Topic-4,103,01/29/17:14:30:01
Topic-5,29,01/29/17:14:30:01
Topic-6,37,01/29/17:14:30:01
Topic-7,50,01/29/17:14:30:01
Topic-8,47,01/29/17:14:30:01
Topic-9,0,01/29/17:14:30:01
Topic-0,168,01/29/17:15:00:01
Topic-1,128,01/29/17:15:00:01
Topic-2,33,01/29/17:15:00:01
Topic-3,33,01/29/17:15:00:01
Topic-4,120,01/29/17:15:00:01
Topic-5,25,01/29/17:15:00:01
Topic-6,57,01/29/17:15:00:01
Topic-7,61,01/29/17:15:00:01
Topic-8,39,01/29/17:15:00:01
Topic-9,7,01/29/17:15:00:01
Topic-0,142,01/29/17:15:30:01
Topic-1,172,01/29/17:15:30:01
Topic-2,41,01/29/17:15:30:01
Topic-3,26,01/29/17:15:30:01
Topic-4,119,01/29/17:15:30:01
Topic-5,26,01/29/17:15:30:01
Topic-6,49,01/29/17:15:30:01
Topic-7,53,01/29/17:15:30:01
Topic-8,39,01/29/17:15:30:01
Topic-9,11,01/29/17:15:30:01
Topic-0,162,01/29/17:16:00:01
Topic-1,151,01/29/17:16:00:01
Topic-2,37,01/29/17:16:00:01
Topic-3,25,01/29/17:16:00:01
Topic-4,88,01/29/17:16:00:01
Topic-5,36,01/29/17:16:00:01
Topic-6,22,01/29/17:16:00:01
Topic-7,76,01/29/17:16:00:01
Topic-8,43,01/29/17:16:00:01
Topic-9,5,01/29/17:16:00:01
Topic-0,151,01/29/17:16:30:01
Topic-1,145,01/29/17:16:30:01
Topic-2,43,01/29/17:16:30:01
Topic-3,56,01/29/17:16:30:01
Topic-4,114,01/29/17:16:30:01
Topic-5,39,01/29/17:16:30:01
Topic-6,42,01/29/17:16:30:01
Topic-7,57,01/29/17:16:30:01
Topic-8,44,01/29/17:16:30:01
Topic-9,2,01/29/17:16:30:01
Topic-0,137,01/29/17:17:00:01
Topic-1,166,01/29/17:17:00:01
Topic-2,47,01/29/17:17:00:01
Topic-3,33,01/29/17:17:00:01
Topic-4,94,01/29/17:17:00:01
Topic-5,24,01/29/17:17:00:01
Topic-6,55,01/29/17:17:00:01
Topic-7,70,01/29/17:17:00:01
Topic-8,36,01/29/17:17:00:01
Topic-9,10,01/29/17:17:00:01
Topic-0,152,01/29/17:17:30:01
Topic-1,178,01/29/17:17:30:01
Topic-2,35,01/29/17:17:30:01
Topic-3,25,01/29/17:17:30:01
Topic-4,95,01/29/17:17:30:01
Topic-5,23,01/29/17:17:30:01
Topic-6,47,01/29/17:17:30:01
Topic-7,49,01/29/17:17:30:01
Topic-8,29,01/29/17:17:30:01
Topic-9,4,01/29/17:17:30:01
Topic-0,148,01/29/17:18:00:01
Topic-1,176,01/29/17:18:00:01
Topic-2,27,01/29/17:18:00:01
Topic-3,29,01/29/17:18:00:01
Topic-4,85,01/29/17:18:00:01
Topic-5,36,01/29/17:18:00:01
Topic-6,40,01/29/17:18:00:01
Topic-7,54,01/29/17:18:00:01
Topic-8,28,01/29/17:18:00:01
Topic-9,8,01/29/17:18:00:01
Topic-0,138,01/29/17:18:30:01
Topic-1,181,01/29/17:18:30:01
Topic-2,35,01/29/17:18:30:01
Topic-3,32,01/29/17:18:30:01
Topic-4,104,01/29/17:18:30:01
Topic-5,32,01/29/17:18:30:01
Topic-6,49,01/29/17:18:30:01
Topic-7,58,01/29/17:18:30:01
Topic-8,34,01/29/17:18:30:01
Topic-9,24,01/29/17:18:30:01
Topic-0,121,01/29/17:19:00:01
Topic-1,170,01/29/17:19:00:01
Topic-2,50,01/29/17:19:00:01
Topic-3,27,01/29/17:19:00:01
Topic-4,105,01/29/17:19:00:01
Topic-5,36,01/29/17:19:00:01
Topic-6,60,01/29/17:19:00:01
Topic-7,34,01/29/17:19:00:01
Topic-8,33,01/29/17:19:00:01
Topic-9,24,01/29/17:19:00:01
Topic-0,124,01/29/17:19:30:01
Topic-1,172,01/29/17:19:30:01
Topic-2,41,01/29/17:19:30:01
Topic-3,35,01/29/17:19:30:01
Topic-4,104,01/29/17:19:30:01
Topic-5,20,01/29/17:19:30:01
Topic-6,44,01/29/17:19:30:01
Topic-7,45,01/29/17:19:30:01
Topic-8,25,01/29/17:19:30:01
Topic-9,24,01/29/17:19:30:01
Topic-0,191,01/29/17:20:00:01
Topic-1,141,01/29/17:20:00:01
Topic-2,43,01/29/17:20:00:01
Topic-3,17,01/29/17:20:00:01
Topic-4,103,01/29/17:20:00:01
Topic-5,21,01/29/17:20:00:01
Topic-6,40,01/29/17:20:00:01
Topic-7,49,01/29/17:20:00:01
Topic-8,29,01/29/17:20:00:01
Topic-9,14,01/29/17:20:00:01
Topic-0,162,01/29/17:20:30:01
Topic-1,153,01/29/17:20:30:01
Topic-2,33,01/29/17:20:30:01
Topic-3,21,01/29/17:20:30:01
Topic-4,111,01/29/17:20:30:01
Topic-5,24,01/29/17:20:30:01
Topic-6,40,01/29/17:20:30:01
Topic-7,44,01/29/17:20:30:01
Topic-8,31,01/29/17:20:30:01
Topic-9,7,01/29/17:20:30:01
Topic-0,163,01/29/17:21:00:01
Topic-1,150,01/29/17:21:00:01
Topic-2,25,01/29/17:21:00:01
Topic-3,14,01/29/17:21:00:01
Topic-4,86,01/29/17:21:00:01
Topic-5,21,01/29/17:21:00:01
Topic-6,36,01/29/17:21:00:01
Topic-7,36,01/29/17:21:00:01
Topic-8,23,01/29/17:21:00:01
Topic-9,10,01/29/17:21:00:01
Topic-0,127,01/29/17:21:30:01
Topic-1,144,01/29/17:21:30:01
Topic-2,32,01/29/17:21:30:01
Topic-3,39,01/29/17:21:30:01
Topic-4,102,01/29/17:21:30:01
Topic-5,29,01/29/17:21:30:01
Topic-6,31,01/29/17:21:30:01
Topic-7,36,01/29/17:21:30:01
Topic-8,26,01/29/17:21:30:01
Topic-9,10,01/29/17:21:30:01
Topic-0,159,01/29/17:22:00:01
Topic-1,157,01/29/17:22:00:01
Topic-2,15,01/29/17:22:00:01
Topic-3,36,01/29/17:22:00:01
Topic-4,76,01/29/17:22:00:01
Topic-5,14,01/29/17:22:00:01
Topic-6,34,01/29/17:22:00:01
Topic-7,40,01/29/17:22:00:01
Topic-8,14,01/29/17:22:00:01
Topic-9,5,01/29/17:22:00:01
Topic-0,112,01/29/17:22:30:01
Topic-1,150,01/29/17:22:30:01
Topic-2,21,01/29/17:22:30:01
Topic-3,31,01/29/17:22:30:01
Topic-4,85,01/29/17:22:30:01
Topic-5,27,01/29/17:22:30:01
Topic-6,33,01/29/17:22:30:01
Topic-7,36,01/29/17:22:30:01
Topic-8,20,01/29/17:22:30:01
Topic-9,6,01/29/17:22:30:01
Topic-0,140,01/29/17:23:00:01
Topic-1,100,01/29/17:23:00:01
Topic-2,47,01/29/17:23:00:01
Topic-3,16,01/29/17:23:00:01
Topic-4,59,01/29/17:23:00:01
Topic-5,26,01/29/17:23:00:01
Topic-6,19,01/29/17:23:00:01
Topic-7,45,01/29/17:23:00:01
Topic-8,22,01/29/17:23:00:01
Topic-9,3,01/29/17:23:00:01
Topic-0,119,01/29/17:23:30:01
Topic-1,153,01/29/17:23:30:01
Topic-2,24,01/29/17:23:30:01
Topic-3,18,01/29/17:23:30:01
Topic-4,56,01/29/17:23:30:01
Topic-5,30,01/29/17:23:30:01
Topic-6,11,01/29/17:23:30:01
Topic-7,32,01/29/17:23:30:01
Topic-8,33,01/29/17:23:30:01
Topic-9,5,01/29/17:23:30:01
Topic-0,101,01/30/17:00:00:01
Topic-1,103,01/30/17:00:00:01
Topic-2,17,01/30/17:00:00:01
Topic-3,32,01/30/17:00:00:01
Topic-4,67,01/30/17:00:00:01
Topic-5,37,01/30/17:00:00:01
Topic-6,17,01/30/17:00:00:01
Topic-7,49,01/30/17:00:00:01
Topic-8,21,01/30/17:00:00:01
Topic-9,3,01/30/17:00:00:01
Topic-0,122,01/30/17:00:30:01
Topic-1,114,01/30/17:00:30:01
Topic-2,23,01/30/17:00:30:01
Topic-3,30,01/30/17:00:30:01
Topic-4,52,01/30/17:00:30:01
Topic-5,37,01/30/17:00:30:01
Topic-6,10,01/30/17:00:30:01
Topic-7,52,01/30/17:00:30:01
Topic-8,28,01/30/17:00:30:01
Topic-9,3,01/30/17:00:30:01
Topic-0,99,01/30/17:01:00:01
Topic-1,112,01/30/17:01:00:01
Topic-2,18,01/30/17:01:00:01
Topic-3,17,01/30/17:01:00:01
Topic-4,60,01/30/17:01:00:01
Topic-5,33,01/30/17:01:00:01
Topic-6,28,01/30/17:01:00:01
Topic-7,38,01/30/17:01:00:01
Topic-8,35,01/30/17:01:00:01
Topic-9,5,01/30/17:01:00:01
Topic-0,125,01/30/17:01:30:01
Topic-1,87,01/30/17:01:30:01
Topic-2,26,01/30/17:01:30:01
Topic-3,18,01/30/17:01:30:01
Topic-4,52,01/30/17:01:30:01
Topic-5,28,01/30/17:01:30:01
Topic-6,16,01/30/17:01:30:01
Topic-7,43,01/30/17:01:30:01
Topic-8,14,01/30/17:01:30:01
Topic-9,3,01/30/17:01:30:01
Topic-0,138,01/30/17:02:00:01
Topic-1,97,01/30/17:02:00:01
Topic-2,24,01/30/17:02:00:01
Topic-3,16,01/30/17:02:00:01
Topic-4,61,01/30/17:02:00:01
Topic-5,28,01/30/17:02:00:01
Topic-6,22,01/30/17:02:00:01
Topic-7,37,01/30/17:02:00:01
Topic-8,35,01/30/17:02:00:01
Topic-9,6,01/30/17:02:00:01
Topic-0,121,01/30/17:02:30:01
Topic-1,76,01/30/17:02:30:01
Topic-2,30,01/30/17:02:30:01
Topic-3,8,01/30/17:02:30:01
Topic-4,65,01/30/17:02:30:01
Topic-5,40,01/30/17:02:30:01
Topic-6,9,01/30/17:02:30:01
Topic-7,21,01/30/17:02:30:01
Topic-8,41,01/30/17:02:30:01
Topic-9,2,01/30/17:02:30:01
Topic-0,95,01/30/17:03:00:01
Topic-1,81,01/30/17:03:00:01
Topic-2,16,01/30/17:03:00:01
Topic-3,35,01/30/17:03:00:01
Topic-4,45,01/30/17:03:00:01
Topic-5,21,01/30/17:03:00:01
Topic-6,8,01/30/17:03:00:01
Topic-7,21,01/30/17:03:00:01
Topic-8,20,01/30/17:03:00:01
Topic-9,2,01/30/17:03:00:01
Topic-0,68,01/30/17:03:30:01
Topic-1,54,01/30/17:03:30:01
Topic-2,25,01/30/17:03:30:01
Topic-3,24,01/30/17:03:30:01
Topic-4,39,01/30/17:03:30:01
Topic-5,36,01/30/17:03:30:01
Topic-6,3,01/30/17:03:30:01
Topic-7,39,01/30/17:03:30:01
Topic-8,15,01/30/17:03:30:01
Topic-9,1,01/30/17:03:30:01
Topic-0,94,01/30/17:04:00:01
Topic-1,54,01/30/17:04:00:01
Topic-2,23,01/30/17:04:00:01
Topic-3,15,01/30/17:04:00:01
Topic-4,34,01/30/17:04:00:01
Topic-5,19,01/30/17:04:00:01
Topic-6,16,01/30/17:04:00:01
Topic-7,21,01/30/17:04:00:01
Topic-8,12,01/30/17:04:00:01
Topic-9,3,01/30/17:04:00:01
Topic-0,81,01/30/17:04:30:01
Topic-1,68,01/30/17:04:30:01
Topic-2,10,01/30/17:04:30:01
Topic-3,11,01/30/17:04:30:01
Topic-4,41,01/30/17:04:30:01
Topic-5,22,01/30/17:04:30:01
Topic-6,5,01/30/17:04:30:01
Topic-7,14,01/30/17:04:30:01
Topic-8,23,01/30/17:04:30:01
Topic-9,0,01/30/17:04:30:01
Topic-0,44,01/30/17:05:00:01
Topic-1,42,01/30/17:05:00:01
Topic-2,13,01/30/17:05:00:01
Topic-3,10,01/30/17:05:00:01
Topic-4,50,01/30/17:05:00:01
Topic-5,25,01/30/17:05:00:01
Topic-6,16,01/30/17:05:00:01
Topic-7,26,01/30/17:05:00:01
Topic-8,25,01/30/17:05:00:01
Topic-9,0,01/30/17:05:00:01
Topic-0,60,01/30/17:05:30:01
Topic-1,48,01/30/17:05:30:01
Topic-2,7,01/30/17:05:30:01
Topic-3,10,01/30/17:05:30:01
Topic-4,35,01/30/17:05:30:01
Topic-5,25,01/30/17:05:30:01
Topic-6,17,01/30/17:05:30:01
Topic-7,23,01/30/17:05:30:01
Topic-8,31,01/30/17:05:30:01
Topic-9,5,01/30/17:05:30:01
Topic-0,54,01/30/17:06:00:01
Topic-1,31,01/30/17:06:00:01
Topic-2,10,01/30/17:06:00:01
Topic-3,5,01/30/17:06:00:01
Topic-4,29,01/30/17:06:00:01
Topic-5,19,01/30/17:06:00:01
Topic-6,39,01/30/17:06:00:01
Topic-7,26,01/30/17:06:00:01
Topic-8,19,01/30/17:06:00:01
Topic-9,3,01/30/17:06:00:01
Topic-0,57,01/30/17:06:30:01
Topic-1,30,01/30/17:06:30:01
Topic-2,4,01/30/17:06:30:01
Topic-3,6,01/30/17:06:30:01
Topic-4,30,01/30/17:06:30:01
Topic-5,25,01/30/17:06:30:01
Topic-6,34,01/30/17:06:30:01
Topic-7,14,01/30/17:06:30:01
Topic-8,11,01/30/17:06:30:01
Topic-9,2,01/30/17:06:30:01
Topic-0,40,01/30/17:07:00:01
Topic-1,24,01/30/17:07:00:01
Topic-2,13,01/30/17:07:00:01
Topic-3,6,01/30/17:07:00:01
Topic-4,39,01/30/17:07:00:01
Topic-5,20,01/30/17:07:00:01
Topic-6,49,01/30/17:07:00:01
Topic-7,22,01/30/17:07:00:01
Topic-8,17,01/30/17:07:00:01
Topic-9,1,01/30/17:07:00:01
Topic-0,48,01/30/17:07:30:01
Topic-1,40,01/30/17:07:30:01
Topic-2,8,01/30/17:07:30:01
Topic-3,4,01/30/17:07:30:01
Topic-4,39,01/30/17:07:30:01
Topic-5,21,01/30/17:07:30:01
Topic-6,29,01/30/17:07:30:01
Topic-7,9,01/30/17:07:30:01
Topic-8,19,01/30/17:07:30:01
Topic-9,1,01/30/17:07:30:01
Topic-0,57,01/30/17:08:00:01
Topic-1,47,01/30/17:08:00:01
Topic-2,7,01/30/17:08:00:01
Topic-3,6,01/30/17:08:00:01
Topic-4,20,01/30/17:08:00:01
Topic-5,23,01/30/17:08:00:01
Topic-6,59,01/30/17:08:00:01
Topic-7,14,01/30/17:08:00:01
Topic-8,24,01/30/17:08:00:01
Topic-9,0,01/30/17:08:00:01
Topic-0,53,01/30/17:08:30:01
Topic-1,52,01/30/17:08:30:01
Topic-2,7,01/30/17:08:30:01
Topic-3,12,01/30/17:08:30:01
Topic-4,33,01/30/17:08:30:01
Topic-5,37,01/30/17:08:30:01
Topic-6,74,01/30/17:08:30:01
Topic-7,13,01/30/17:08:30:01
Topic-8,14,01/30/17:08:30:01
Topic-9,1,01/30/17:08:30:01
Topic-0,59,01/30/17:09:00:01
Topic-1,40,01/30/17:09:00:01
Topic-2,5,01/30/17:09:00:01
Topic-3,10,01/30/17:09:00:01
Topic-4,36,01/30/17:09:00:01
Topic-5,44,01/30/17:09:00:01
Topic-6,68,01/30/17:09:00:01
Topic-7,8,01/30/17:09:00:01
Topic-8,22,01/30/17:09:00:01
Topic-9,1,01/30/17:09:00:01
Topic-0,59,01/30/17:09:30:01
Topic-1,42,01/30/17:09:30:01
Topic-2,18,01/30/17:09:30:01
Topic-3,21,01/30/17:09:30:01
Topic-4,35,01/30/17:09:30:01
Topic-5,24,01/30/17:09:30:01
Topic-6,41,01/30/17:09:30:01
Topic-7,30,01/30/17:09:30:01
Topic-8,18,01/30/17:09:30:01
Topic-9,3,01/30/17:09:30:01
Topic-0,71,01/30/17:10:00:01
Topic-1,39,01/30/17:10:00:01
Topic-2,17,01/30/17:10:00:01
Topic-3,8,01/30/17:10:00:01
Topic-4,53,01/30/17:10:00:01
Topic-5,32,01/30/17:10:00:01
Topic-6,52,01/30/17:10:00:01
Topic-7,40,01/30/17:10:00:01
Topic-8,24,01/30/17:10:00:01
Topic-9,1,01/30/17:10:00:01
Topic-0,113,01/30/17:10:30:01
Topic-1,64,01/30/17:10:30:01
Topic-2,22,01/30/17:10:30:01
Topic-3,22,01/30/17:10:30:01
Topic-4,52,01/30/17:10:30:01
Topic-5,29,01/30/17:10:30:01
Topic-6,51,01/30/17:10:30:01
Topic-7,34,01/30/17:10:30:01
Topic-8,24,01/30/17:10:30:01
Topic-9,4,01/30/17:10:30:01
Topic-0,99,01/30/17:11:00:01
Topic-1,76,01/30/17:11:00:01
Topic-2,23,01/30/17:11:00:01
Topic-3,32,01/30/17:11:00:01
Topic-4,74,01/30/17:11:00:01
Topic-5,30,01/30/17:11:00:01
Topic-6,61,01/30/17:11:00:01
Topic-7,36,01/30/17:11:00:01
Topic-8,25,01/30/17:11:00:01
Topic-9,4,01/30/17:11:00:01
Topic-0,120,01/30/17:11:30:01
Topic-1,48,01/30/17:11:30:01
Topic-2,28,01/30/17:11:30:01
Topic-3,31,01/30/17:11:30:01
Topic-4,80,01/30/17:11:30:01
Topic-5,26,01/30/17:11:30:01
Topic-6,52,01/30/17:11:30:01
Topic-7,34,01/30/17:11:30:01
Topic-8,28,01/30/17:11:30:01
Topic-9,4,01/30/17:11:30:01
Topic-0,153,01/30/17:12:00:01
Topic-1,80,01/30/17:12:00:01
Topic-2,42,01/30/17:12:00:01
Topic-3,24,01/30/17:12:00:01
Topic-4,76,01/30/17:12:00:01
Topic-5,48,01/30/17:12:00:01
Topic-6,48,01/30/17:12:00:01
Topic-7,43,01/30/17:12:00:01
Topic-8,19,01/30/17:12:00:01
Topic-9,4,01/30/17:12:00:01
Topic-0,177,01/30/17:12:30:01
Topic-1,79,01/30/17:12:30:01
Topic-2,39,01/30/17:12:30:01
Topic-3,26,01/30/17:12:30:01
Topic-4,80,01/30/17:12:30:01
Topic-5,44,01/30/17:12:30:01
Topic-6,46,01/30/17:12:30:01
Topic-7,40,01/30/17:12:30:01
Topic-8,37,01/30/17:12:30:01
Topic-9,0,01/30/17:12:30:01
Topic-0,111,01/30/17:13:00:01
Topic-1,73,01/30/17:13:00:01
Topic-2,33,01/30/17:13:00:01
Topic-3,52,01/30/17:13:00:01
Topic-4,66,01/30/17:13:00:01
Topic-5,50,01/30/17:13:00:01
Topic-6,41,01/30/17:13:00:01
Topic-7,45,01/30/17:13:00:01
Topic-8,32,01/30/17:13:00:01
Topic-9,8,01/30/17:13:00:01
Topic-0,127,01/30/17:13:30:01
Topic-1,104,01/30/17:13:30:01
Topic-2,58,01/30/17:13:30:01
Topic-3,36,01/30/17:13:30:01
Topic-4,75,01/30/17:13:30:01
Topic-5,40,01/30/17:13:30:01
Topic-6,50,01/30/17:13:30:01
Topic-7,57,01/30/17:13:30:01
Topic-8,27,01/30/17:13:30:01
Topic-9,11,01/30/17:13:30:01
Topic-0,164,01/30/17:14:00:01
Topic-1,114,01/30/17:14:00:01
Topic-2,74,01/30/17:14:00:01
Topic-3,29,01/30/17:14:00:01
Topic-4,44,01/30/17:14:00:01
Topic-5,37,01/30/17:14:00:01
Topic-6,66,01/30/17:14:00:01
Topic-7,56,01/30/17:14:00:01
Topic-8,21,01/30/17:14:00:01
Topic-9,11,01/30/17:14:00:01
Topic-0,117,01/30/17:14:30:01
Topic-1,122,01/30/17:14:30:01
Topic-2,51,01/30/17:14:30:01
Topic-3,50,01/30/17:14:30:01
Topic-4,89,01/30/17:14:30:01
Topic-5,27,01/30/17:14:30:01
Topic-6,45,01/30/17:14:30:01
Topic-7,52,01/30/17:14:30:01
Topic-8,23,01/30/17:14:30:01
Topic-9,16,01/30/17:14:30:01
Topic-0,130,01/30/17:15:00:01
Topic-1,82,01/30/17:15:00:01
Topic-2,65,01/30/17:15:00:01
Topic-3,33,01/30/17:15:00:01
Topic-4,87,01/30/17:15:00:01
Topic-5,33,01/30/17:15:00:01
Topic-6,65,01/30/17:15:00:01
Topic-7,97,01/30/17:15:00:01
Topic-8,27,01/30/17:15:00:01
Topic-9,17,01/30/17:15:00:01
Topic-0,138,01/30/17:15:30:01
Topic-1,118,01/30/17:15:30:01
Topic-2,53,01/30/17:15:30:01
Topic-3,32,01/30/17:15:30:01
Topic-4,49,01/30/17:15:30:01
Topic-5,34,01/30/17:15:30:01
Topic-6,46,01/30/17:15:30:01
Topic-7,86,01/30/17:15:30:01
Topic-8,17,01/30/17:15:30:01
Topic-9,13,01/30/17:15:30:01
Topic-0,152,01/30/17:16:00:01
Topic-1,125,01/30/17:16:00:01
Topic-2,68,01/30/17:16:00:01
Topic-3,19,01/30/17:16:00:01
Topic-4,106,01/30/17:16:00:01
Topic-5,34,01/30/17:16:00:01
Topic-6,48,01/30/17:16:00:01
Topic-7,74,01/30/17:16:00:01
Topic-8,23,01/30/17:16:00:01
Topic-9,14,01/30/17:16:00:01
Topic-0,161,01/30/17:16:30:01
Topic-1,121,01/30/17:16:30:01
Topic-2,51,01/30/17:16:30:01
Topic-3,29,01/30/17:16:30:01
Topic-4,69,01/30/17:16:30:01
Topic-5,20,01/30/17:16:30:01
Topic-6,85,01/30/17:16:30:01
Topic-7,50,01/30/17:16:30:01
Topic-8,23,01/30/17:16:30:01
Topic-9,22,01/30/17:16:30:01
Topic-0,158,01/30/17:17:00:01
Topic-1,118,01/30/17:17:00:01
Topic-2,55,01/30/17:17:00:01
Topic-3,39,01/30/17:17:00:01
Topic-4,73,01/30/17:17:00:01
Topic-5,20,01/30/17:17:00:01
Topic-6,72,01/30/17:17:00:01
Topic-7,80,01/30/17:17:00:01
Topic-8,26,01/30/17:17:00:01
Topic-9,27,01/30/17:17:00:01
Topic-0,135,01/30/17:17:30:01
Topic-1,106,01/30/17:17:30:01
Topic-2,38,01/30/17:17:30:01
Topic-3,34,01/30/17:17:30:01
Topic-4,31,01/30/17:17:30:01
Topic-5,18,01/30/17:17:30:01
Topic-6,56,01/30/17:17:30:01
Topic-7,94,01/30/17:17:30:01
Topic-8,29,01/30/17:17:30:01
Topic-9,17,01/30/17:17:30:01
Topic-0,163,01/30/17:18:00:01
Topic-1,94,01/30/17:18:00:01
Topic-2,42,01/30/17:18:00:01
Topic-3,49,01/30/17:18:00:01
Topic-4,64,01/30/17:18:00:01
Topic-5,19,01/30/17:18:00:01
Topic-6,57,01/30/17:18:00:01
Topic-7,120,01/30/17:18:00:01
Topic-8,10,01/30/17:18:00:01
Topic-9,16,01/30/17:18:00:01
Topic-0,152,01/30/17:18:30:01
Topic-1,94,01/30/17:18:30:01
Topic-2,29,01/30/17:18:30:01
Topic-3,52,01/30/17:18:30:01
Topic-4,89,01/30/17:18:30:01
Topic-5,19,01/30/17:18:30:01
Topic-6,65,01/30/17:18:30:01
Topic-7,125,01/30/17:18:30:01
Topic-8,26,01/30/17:18:30:01
Topic-9,23,01/30/17:18:30:01
Topic-0,143,01/30/17:19:00:01
Topic-1,111,01/30/17:19:00:01
Topic-2,41,01/30/17:19:00:01
Topic-3,32,01/30/17:19:00:01
Topic-4,65,01/30/17:19:00:01
Topic-5,39,01/30/17:19:00:01
Topic-6,67,01/30/17:19:00:01
Topic-7,77,01/30/17:19:00:01
Topic-8,16,01/30/17:19:00:01
Topic-9,30,01/30/17:19:00:01
Topic-0,138,01/30/17:19:30:01
Topic-1,93,01/30/17:19:30:01
Topic-2,64,01/30/17:19:30:01
Topic-3,56,01/30/17:19:30:01
Topic-4,63,01/30/17:19:30:01
Topic-5,32,01/30/17:19:30:01
Topic-6,54,01/30/17:19:30:01
Topic-7,82,01/30/17:19:30:01
Topic-8,26,01/30/17:19:30:01
Topic-9,8,01/30/17:19:30:01
Topic-0,139,01/30/17:20:00:01
Topic-1,90,01/30/17:20:00:01
Topic-2,52,01/30/17:20:00:01
Topic-3,20,01/30/17:20:00:01
Topic-4,65,01/30/17:20:00:01
Topic-5,21,01/30/17:20:00:01
Topic-6,53,01/30/17:20:00:01
Topic-7,63,01/30/17:20:00:01
Topic-8,32,01/30/17:20:00:01
Topic-9,17,01/30/17:20:00:01
Topic-0,168,01/30/17:20:30:01
Topic-1,93,01/30/17:20:30:01
Topic-2,54,01/30/17:20:30:01
Topic-3,28,01/30/17:20:30:01
Topic-4,64,01/30/17:20:30:01
Topic-5,40,01/30/17:20:30:01
Topic-6,56,01/30/17:20:30:01
Topic-7,74,01/30/17:20:30:01
Topic-8,22,01/30/17:20:30:01
Topic-9,15,01/30/17:20:30:01
Topic-0,140,01/30/17:21:00:01
Topic-1,82,01/30/17:21:00:01
Topic-2,42,01/30/17:21:00:01
Topic-3,41,01/30/17:21:00:01
Topic-4,63,01/30/17:21:00:01
Topic-5,27,01/30/17:21:00:01
Topic-6,58,01/30/17:21:00:01
Topic-7,103,01/30/17:21:00:01
Topic-8,35,01/30/17:21:00:01
Topic-9,13,01/30/17:21:00:01
Topic-0,134,01/30/17:21:30:01
Topic-1,88,01/30/17:21:30:01
Topic-2,73,01/30/17:21:30:01
Topic-3,23,01/30/17:21:30:01
Topic-4,68,01/30/17:21:30:01
Topic-5,32,01/30/17:21:30:01
Topic-6,45,01/30/17:21:30:01
Topic-7,90,01/30/17:21:30:01
Topic-8,21,01/30/17:21:30:01
Topic-9,18,01/30/17:21:30:01
Topic-0,141,01/30/17:22:00:01
Topic-1,89,01/30/17:22:00:01
Topic-2,44,01/30/17:22:00:01
Topic-3,27,01/30/17:22:00:01
Topic-4,51,01/30/17:22:00:01
Topic-5,29,01/30/17:22:00:01
Topic-6,41,01/30/17:22:00:01
Topic-7,82,01/30/17:22:00:01
Topic-8,25,01/30/17:22:00:01
Topic-9,195,01/30/17:22:00:01
Topic-0,133,01/30/17:22:30:01
Topic-1,91,01/30/17:22:30:01
Topic-2,61,01/30/17:22:30:01
Topic-3,29,01/30/17:22:30:01
Topic-4,53,01/30/17:22:30:01
Topic-5,11,01/30/17:22:30:01
Topic-6,37,01/30/17:22:30:01
Topic-7,73,01/30/17:22:30:01
Topic-8,18,01/30/17:22:30:01
Topic-9,155,01/30/17:22:30:01
Topic-0,146,01/30/17:23:00:01
Topic-1,88,01/30/17:23:00:01
Topic-2,31,01/30/17:23:00:01
Topic-3,19,01/30/17:23:00:01
Topic-4,64,01/30/17:23:00:01
Topic-5,18,01/30/17:23:00:01
Topic-6,18,01/30/17:23:00:01
Topic-7,75,01/30/17:23:00:01
Topic-8,17,01/30/17:23:00:01
Topic-9,113,01/30/17:23:00:01
Topic-0,132,01/30/17:23:30:01
Topic-1,72,01/30/17:23:30:01
Topic-2,55,01/30/17:23:30:01
Topic-3,17,01/30/17:23:30:01
Topic-4,64,01/30/17:23:30:01
Topic-5,15,01/30/17:23:30:01
Topic-6,18,01/30/17:23:30:01
Topic-7,58,01/30/17:23:30:01
Topic-8,18,01/30/17:23:30:01
Topic-9,87,01/30/17:23:30:01
Topic-0,113,01/31/17:00:00:01
Topic-1,71,01/31/17:00:00:01
Topic-2,41,01/31/17:00:00:01
Topic-3,21,01/31/17:00:00:01
Topic-4,40,01/31/17:00:00:01
Topic-5,18,01/31/17:00:00:01
Topic-6,29,01/31/17:00:00:01
Topic-7,59,01/31/17:00:00:01
Topic-8,16,01/31/17:00:00:01
Topic-9,76,01/31/17:00:00:01
Topic-0,102,01/31/17:00:30:01
Topic-1,57,01/31/17:00:30:01
Topic-2,29,01/31/17:00:30:01
Topic-3,29,01/31/17:00:30:01
Topic-4,52,01/31/17:00:30:01
Topic-5,19,01/31/17:00:30:01
Topic-6,24,01/31/17:00:30:01
Topic-7,70,01/31/17:00:30:01
Topic-8,12,01/31/17:00:30:01
Topic-9,172,01/31/17:00:30:01
Topic-0,140,01/31/17:01:00:01
Topic-1,52,01/31/17:01:00:01
Topic-2,38,01/31/17:01:00:01
Topic-3,29,01/31/17:01:00:01
Topic-4,37,01/31/17:01:00:01
Topic-5,19,01/31/17:01:00:01
Topic-6,22,01/31/17:01:00:01
Topic-7,50,01/31/17:01:00:01
Topic-8,27,01/31/17:01:00:01
Topic-9,469,01/31/17:01:00:01
Topic-0,140,01/31/17:01:30:01
Topic-1,33,01/31/17:01:30:01
Topic-2,72,01/31/17:01:30:01
Topic-3,31,01/31/17:01:30:01
Topic-4,39,01/31/17:01:30:01
Topic-5,24,01/31/17:01:30:01
Topic-6,17,01/31/17:01:30:01
Topic-7,35,01/31/17:01:30:01
Topic-8,21,01/31/17:01:30:01
Topic-9,236,01/31/17:01:30:01
Topic-0,124,01/31/17:02:00:01
Topic-1,62,01/31/17:02:00:01
Topic-2,39,01/31/17:02:00:01
Topic-3,40,01/31/17:02:00:01
Topic-4,41,01/31/17:02:00:01
Topic-5,16,01/31/17:02:00:01
Topic-6,12,01/31/17:02:00:01
Topic-7,23,01/31/17:02:00:01
Topic-8,17,01/31/17:02:00:01
Topic-9,207,01/31/17:02:00:01
Topic-0,82,01/31/17:02:30:01
Topic-1,45,01/31/17:02:30:01
Topic-2,33,01/31/17:02:30:01
Topic-3,59,01/31/17:02:30:01
Topic-4,41,01/31/17:02:30:01
Topic-5,20,01/31/17:02:30:01
Topic-6,14,01/31/17:02:30:01
Topic-7,39,01/31/17:02:30:01
Topic-8,13,01/31/17:02:30:01
Topic-9,164,01/31/17:02:30:01
Topic-0,84,01/31/17:03:00:01
Topic-1,50,01/31/17:03:00:01
Topic-2,19,01/31/17:03:00:01
Topic-3,35,01/31/17:03:00:01
Topic-4,31,01/31/17:03:00:01
Topic-5,14,01/31/17:03:00:01
Topic-6,8,01/31/17:03:00:01
Topic-7,39,01/31/17:03:00:01
Topic-8,20,01/31/17:03:00:01
Topic-9,123,01/31/17:03:00:01
Topic-0,76,01/31/17:03:30:01
Topic-1,39,01/31/17:03:30:01
Topic-2,18,01/31/17:03:30:01
Topic-3,14,01/31/17:03:30:01
Topic-4,18,01/31/17:03:30:01
Topic-5,9,01/31/17:03:30:01
Topic-6,12,01/31/17:03:30:01
Topic-7,31,01/31/17:03:30:01
Topic-8,14,01/31/17:03:30:01
Topic-9,75,01/31/17:03:30:01
Topic-0,75,01/31/17:04:00:01
Topic-1,30,01/31/17:04:00:01
Topic-2,22,01/31/17:04:00:01
Topic-3,7,01/31/17:04:00:01
Topic-4,41,01/31/17:04:00:01
Topic-5,12,01/31/17:04:00:01
Topic-6,17,01/31/17:04:00:01
Topic-7,31,01/31/17:04:00:01
Topic-8,3,01/31/17:04:00:01
Topic-9,68,01/31/17:04:00:01
Topic-0,61,01/31/17:04:30:01
Topic-1,39,01/31/17:04:30:01
Topic-2,19,01/31/17:04:30:01
Topic-3,15,01/31/17:04:30:01
Topic-4,22,01/31/17:04:30:01
Topic-5,7,01/31/17:04:30:01
Topic-6,15,01/31/17:04:30:01
Topic-7,22,01/31/17:04:30:01
Topic-8,18,01/31/17:04:30:01
Topic-9,56,01/31/17:04:30:01
Topic-0,64,01/31/17:05:00:01
Topic-1,33,01/31/17:05:00:01
Topic-2,16,01/31/17:05:00:01
Topic-3,14,01/31/17:05:00:01
Topic-4,22,01/31/17:05:00:01
Topic-5,8,01/31/17:05:00:01
Topic-6,23,01/31/17:05:00:01
Topic-7,30,01/31/17:05:00:01
Topic-8,14,01/31/17:05:00:01
Topic-9,50,01/31/17:05:00:01
Topic-0,62,01/31/17:05:30:01
Topic-1,34,01/31/17:05:30:01
Topic-2,24,01/31/17:05:30:01
Topic-3,9,01/31/17:05:30:01
Topic-4,26,01/31/17:05:30:01
Topic-5,9,01/31/17:05:30:01
Topic-6,14,01/31/17:05:30:01
Topic-7,32,01/31/17:05:30:01
Topic-8,6,01/31/17:05:30:01
Topic-9,50,01/31/17:05:30:01
Topic-0,40,01/31/17:06:00:01
Topic-1,13,01/31/17:06:00:01
Topic-2,15,01/31/17:06:00:01
Topic-3,12,01/31/17:06:00:01
Topic-4,27,01/31/17:06:00:01
Topic-5,7,01/31/17:06:00:01
Topic-6,37,01/31/17:06:00:01
Topic-7,15,01/31/17:06:00:01
Topic-8,18,01/31/17:06:00:01
Topic-9,42,01/31/17:06:00:01
Topic-0,59,01/31/17:06:30:01
Topic-1,21,01/31/17:06:30:01
Topic-2,10,01/31/17:06:30:01
Topic-3,14,01/31/17:06:30:01
Topic-4,14,01/31/17:06:30:01
Topic-5,5,01/31/17:06:30:01
Topic-6,12,01/31/17:06:30:01
Topic-7,33,01/31/17:06:30:01
Topic-8,13,01/31/17:06:30:01
Topic-9,44,01/31/17:06:30:01
Topic-0,37,01/31/17:07:00:01
Topic-1,14,01/31/17:07:00:01
Topic-2,12,01/31/17:07:00:01
Topic-3,9,01/31/17:07:00:01
Topic-4,14,01/31/17:07:00:01
Topic-5,9,01/31/17:07:00:01
Topic-6,33,01/31/17:07:00:01
Topic-7,13,01/31/17:07:00:01
Topic-8,21,01/31/17:07:00:01
Topic-9,41,01/31/17:07:00:01
Topic-0,62,01/31/17:07:30:01
Topic-1,23,01/31/17:07:30:01
Topic-2,5,01/31/17:07:30:01
Topic-3,5,01/31/17:07:30:01
Topic-4,14,01/31/17:07:30:01
Topic-5,4,01/31/17:07:30:01
Topic-6,21,01/31/17:07:30:01
Topic-7,13,01/31/17:07:30:01
Topic-8,17,01/31/17:07:30:01
Topic-9,42,01/31/17:07:30:01
Topic-0,42,01/31/17:08:00:01
Topic-1,21,01/31/17:08:00:01
Topic-2,16,01/31/17:08:00:01
Topic-3,12,01/31/17:08:00:01
Topic-4,27,01/31/17:08:00:01
Topic-5,4,01/31/17:08:00:01
Topic-6,24,01/31/17:08:00:01
Topic-7,18,01/31/17:08:00:01
Topic-8,15,01/31/17:08:00:01
Topic-9,34,01/31/17:08:00:01
Topic-0,48,01/31/17:08:30:01
Topic-1,14,01/31/17:08:30:01
Topic-2,9,01/31/17:08:30:01
Topic-3,6,01/31/17:08:30:01
Topic-4,23,01/31/17:08:30:01
Topic-5,16,01/31/17:08:30:01
Topic-6,22,01/31/17:08:30:01
Topic-7,21,01/31/17:08:30:01
Topic-8,13,01/31/17:08:30:01
Topic-9,26,01/31/17:08:30:01
Topic-0,44,01/31/17:09:00:01
Topic-1,35,01/31/17:09:00:01
Topic-2,14,01/31/17:09:00:01
Topic-3,17,01/31/17:09:00:01
Topic-4,24,01/31/17:09:00:01
Topic-5,14,01/31/17:09:00:01
Topic-6,24,01/31/17:09:00:01
Topic-7,18,01/31/17:09:00:01
Topic-8,12,01/31/17:09:00:01
Topic-9,39,01/31/17:09:00:01
Topic-0,57,01/31/17:09:30:01
Topic-1,29,01/31/17:09:30:01
Topic-2,12,01/31/17:09:30:01
Topic-3,24,01/31/17:09:30:01
Topic-4,25,01/31/17:09:30:01
Topic-5,4,01/31/17:09:30:01
Topic-6,21,01/31/17:09:30:01
Topic-7,20,01/31/17:09:30:01
Topic-8,15,01/31/17:09:30:01
Topic-9,33,01/31/17:09:30:01
Topic-0,65,01/31/17:10:00:01
Topic-1,29,01/31/17:10:00:01
Topic-2,20,01/31/17:10:00:01
Topic-3,21,01/31/17:10:00:01
Topic-4,20,01/31/17:10:00:01
Topic-5,16,01/31/17:10:00:01
Topic-6,25,01/31/17:10:00:01
Topic-7,29,01/31/17:10:00:01
Topic-8,15,01/31/17:10:00:01
Topic-9,45,01/31/17:10:00:01
Topic-0,69,01/31/17:10:30:01
Topic-1,37,01/31/17:10:30:01
Topic-2,30,01/31/17:10:30:01
Topic-3,29,01/31/17:10:30:01
Topic-4,32,01/31/17:10:30:01
Topic-5,15,01/31/17:10:30:01
Topic-6,29,01/31/17:10:30:01
Topic-7,28,01/31/17:10:30:01
Topic-8,9,01/31/17:10:30:01
Topic-9,50,01/31/17:10:30:01
Topic-0,90,01/31/17:11:00:01
Topic-1,32,01/31/17:11:00:01
Topic-2,31,01/31/17:11:00:01
Topic-3,32,01/31/17:11:00:01
Topic-4,36,01/31/17:11:00:01
Topic-5,13,01/31/17:11:00:01
Topic-6,24,01/31/17:11:00:01
Topic-7,36,01/31/17:11:00:01
Topic-8,31,01/31/17:11:00:01
Topic-9,62,01/31/17:11:00:01
Topic-0,119,01/31/17:11:30:01
Topic-1,31,01/31/17:11:30:01
Topic-2,36,01/31/17:11:30:01
Topic-3,35,01/31/17:11:30:01
Topic-4,36,01/31/17:11:30:01
Topic-5,13,01/31/17:11:30:01
Topic-6,42,01/31/17:11:30:01
Topic-7,32,01/31/17:11:30:01
Topic-8,23,01/31/17:11:30:01
Topic-9,57,01/31/17:11:30:01
Topic-0,97,01/31/17:12:00:01
Topic-1,41,01/31/17:12:00:01
Topic-2,45,01/31/17:12:00:01
Topic-3,29,01/31/17:12:00:01
Topic-4,45,01/31/17:12:00:01
Topic-5,22,01/31/17:12:00:01
Topic-6,20,01/31/17:12:00:01
Topic-7,42,01/31/17:12:00:01
Topic-8,40,01/31/17:12:00:01
Topic-9,50,01/31/17:12:00:01
Topic-0,122,01/31/17:12:30:01
Topic-1,31,01/31/17:12:30:01
Topic-2,48,01/31/17:12:30:01
Topic-3,32,01/31/17:12:30:01
Topic-4,57,01/31/17:12:30:01
Topic-5,17,01/31/17:12:30:01
Topic-6,28,01/31/17:12:30:01
Topic-7,54,01/31/17:12:30:01
Topic-8,42,01/31/17:12:30:01
Topic-9,46,01/31/17:12:30:01
Topic-0,105,01/31/17:13:00:01
Topic-1,36,01/31/17:13:00:01
Topic-2,44,01/31/17:13:00:01
Topic-3,41,01/31/17:13:00:01
Topic-4,47,01/31/17:13:00:01
Topic-5,27,01/31/17:13:00:01
Topic-6,35,01/31/17:13:00:01
Topic-7,68,01/31/17:13:00:01
Topic-8,36,01/31/17:13:00:01
Topic-9,54,01/31/17:13:00:01
Topic-0,107,01/31/17:13:30:01
Topic-1,44,01/31/17:13:30:01
Topic-2,52,01/31/17:13:30:01
Topic-3,83,01/31/17:13:30:01
Topic-4,44,01/31/17:13:30:01
Topic-5,28,01/31/17:13:30:01
Topic-6,51,01/31/17:13:30:01
Topic-7,54,01/31/17:13:30:01
Topic-8,27,01/31/17:13:30:01
Topic-9,60,01/31/17:13:30:01
Topic-0,107,01/31/17:14:00:01
Topic-1,40,01/31/17:14:00:01
Topic-2,40,01/31/17:14:00:01
Topic-3,54,01/31/17:14:00:01
Topic-4,70,01/31/17:14:00:01
Topic-5,17,01/31/17:14:00:01
Topic-6,46,01/31/17:14:00:01
Topic-7,55,01/31/17:14:00:01
Topic-8,20,01/31/17:14:00:01
Topic-9,40,01/31/17:14:00:01
Topic-0,113,01/31/17:14:30:01
Topic-1,58,01/31/17:14:30:01
Topic-2,46,01/31/17:14:30:01
Topic-3,61,01/31/17:14:30:01
Topic-4,58,01/31/17:14:30:01
Topic-5,28,01/31/17:14:30:01
Topic-6,41,01/31/17:14:30:01
Topic-7,69,01/31/17:14:30:01
Topic-8,30,01/31/17:14:30:01
Topic-9,34,01/31/17:14:30:01
Topic-0,116,01/31/17:15:00:01
Topic-1,56,01/31/17:15:00:01
Topic-2,38,01/31/17:15:00:01
Topic-3,41,01/31/17:15:00:01
Topic-4,46,01/31/17:15:00:01
Topic-5,35,01/31/17:15:00:01
Topic-6,27,01/31/17:15:00:01
Topic-7,44,01/31/17:15:00:01
Topic-8,39,01/31/17:15:00:01
Topic-9,54,01/31/17:15:00:01
Topic-0,110,01/31/17:15:30:01
Topic-1,49,01/31/17:15:30:01
Topic-2,58,01/31/17:15:30:01
Topic-3,64,01/31/17:15:30:01
Topic-4,46,01/31/17:15:30:01
Topic-5,11,01/31/17:15:30:01
Topic-6,29,01/31/17:15:30:01
Topic-7,77,01/31/17:15:30:01
Topic-8,24,01/31/17:15:30:01
Topic-9,51,01/31/17:15:30:01
Topic-0,108,01/31/17:16:00:01
Topic-1,35,01/31/17:16:00:01
Topic-2,35,01/31/17:16:00:01
Topic-3,49,01/31/17:16:00:01
Topic-4,39,01/31/17:16:00:01
Topic-5,43,01/31/17:16:00:01
Topic-6,36,01/31/17:16:00:01
Topic-7,90,01/31/17:16:00:01
Topic-8,32,01/31/17:16:00:01
Topic-9,36,01/31/17:16:00:01
Topic-0,132,01/31/17:16:30:01
Topic-1,37,01/31/17:16:30:01
Topic-2,55,01/31/17:16:30:01
Topic-3,46,01/31/17:16:30:01
Topic-4,55,01/31/17:16:30:01
Topic-5,37,01/31/17:16:30:01
Topic-6,24,01/31/17:16:30:01
Topic-7,71,01/31/17:16:30:01
Topic-8,27,01/31/17:16:30:01
Topic-9,40,01/31/17:16:30:01
Topic-0,169,01/31/17:17:00:01
Topic-1,46,01/31/17:17:00:01
Topic-2,38,01/31/17:17:00:01
Topic-3,35,01/31/17:17:00:01
Topic-4,57,01/31/17:17:00:01
Topic-5,26,01/31/17:17:00:01
Topic-6,22,01/31/17:17:00:01
Topic-7,66,01/31/17:17:00:01
Topic-8,31,01/31/17:17:00:01
Topic-9,31,01/31/17:17:00:01
Topic-0,146,01/31/17:17:30:01
Topic-1,46,01/31/17:17:30:01
Topic-2,36,01/31/17:17:30:01
Topic-3,40,01/31/17:17:30:01
Topic-4,43,01/31/17:17:30:01
Topic-5,27,01/31/17:17:30:01
Topic-6,28,01/31/17:17:30:01
Topic-7,72,01/31/17:17:30:01
Topic-8,21,01/31/17:17:30:01
Topic-9,36,01/31/17:17:30:01
Topic-0,122,01/31/17:18:00:01
Topic-1,44,01/31/17:18:00:01
Topic-2,41,01/31/17:18:00:01
Topic-3,32,01/31/17:18:00:01
Topic-4,52,01/31/17:18:00:01
Topic-5,33,01/31/17:18:00:01
Topic-6,26,01/31/17:18:00:01
Topic-7,86,01/31/17:18:00:01
Topic-8,36,01/31/17:18:00:01
Topic-9,29,01/31/17:18:00:01
Topic-0,109,01/31/17:18:30:01
Topic-1,56,01/31/17:18:30:01
Topic-2,12,01/31/17:18:30:01
Topic-3,54,01/31/17:18:30:01
Topic-4,25,01/31/17:18:30:01
Topic-5,17,01/31/17:18:30:01
Topic-6,29,01/31/17:18:30:01
Topic-7,54,01/31/17:18:30:01
Topic-8,22,01/31/17:18:30:01
Topic-9,44,01/31/17:18:30:01
Topic-0,115,01/31/17:19:00:01
Topic-1,32,01/31/17:19:00:01
Topic-2,39,01/31/17:19:00:01
Topic-3,46,01/31/17:19:00:01
Topic-4,32,01/31/17:19:00:01
Topic-5,32,01/31/17:19:00:01
Topic-6,27,01/31/17:19:00:01
Topic-7,44,01/31/17:19:00:01
Topic-8,21,01/31/17:19:00:01
Topic-9,33,01/31/17:19:00:01
Topic-0,85,01/31/17:19:30:01
Topic-1,38,01/31/17:19:30:01
Topic-2,44,01/31/17:19:30:01
Topic-3,52,01/31/17:19:30:01
Topic-4,31,01/31/17:19:30:01
Topic-5,20,01/31/17:19:30:01
Topic-6,27,01/31/17:19:30:01
Topic-7,71,01/31/17:19:30:01
Topic-8,39,01/31/17:19:30:01
Topic-9,24,01/31/17:19:30:01
Topic-0,120,01/31/17:20:00:01
Topic-1,31,01/31/17:20:00:01
Topic-2,73,01/31/17:20:00:01
Topic-3,34,01/31/17:20:00:01
Topic-4,39,01/31/17:20:00:01
Topic-5,26,01/31/17:20:00:01
Topic-6,25,01/31/17:20:00:01
Topic-7,60,01/31/17:20:00:01
Topic-8,29,01/31/17:20:00:01
Topic-9,20,01/31/17:20:00:01
Topic-0,102,01/31/17:20:30:01
Topic-1,21,01/31/17:20:30:01
Topic-2,49,01/31/17:20:30:01
Topic-3,65,01/31/17:20:30:01
Topic-4,37,01/31/17:20:30:01
Topic-5,26,01/31/17:20:30:01
Topic-6,32,01/31/17:20:30:01
Topic-7,91,01/31/17:20:30:01
Topic-8,33,01/31/17:20:30:01
Topic-9,28,01/31/17:20:30:01
Topic-0,91,01/31/17:21:00:01
Topic-1,30,01/31/17:21:00:01
Topic-2,35,01/31/17:21:00:01
Topic-3,67,01/31/17:21:00:01
Topic-4,45,01/31/17:21:00:01
Topic-5,21,01/31/17:21:00:01
Topic-6,52,01/31/17:21:00:01
Topic-7,62,01/31/17:21:00:01
Topic-8,17,01/31/17:21:00:01
Topic-9,25,01/31/17:21:00:01
Topic-0,80,01/31/17:21:30:01
Topic-1,33,01/31/17:21:30:01
Topic-2,30,01/31/17:21:30:01
Topic-3,48,01/31/17:21:30:01
Topic-4,61,01/31/17:21:30:01
Topic-5,32,01/31/17:21:30:01
Topic-6,37,01/31/17:21:30:01
Topic-7,58,01/31/17:21:30:01
Topic-8,48,01/31/17:21:30:01
Topic-9,24,01/31/17:21:30:01
Topic-0,113,01/31/17:22:00:01
Topic-1,48,01/31/17:22:00:01
Topic-2,43,01/31/17:22:00:01
Topic-3,44,01/31/17:22:00:01
Topic-4,31,01/31/17:22:00:01
Topic-5,37,01/31/17:22:00:01
Topic-6,27,01/31/17:22:00:01
Topic-7,51,01/31/17:22:00:01
Topic-8,26,01/31/17:22:00:01
Topic-9,25,01/31/17:22:00:01
Topic-0,87,01/31/17:22:30:01
Topic-1,39,01/31/17:22:30:01
Topic-2,33,01/31/17:22:30:01
Topic-3,55,01/31/17:22:30:01
Topic-4,23,01/31/17:22:30:01
Topic-5,21,01/31/17:22:30:01
Topic-6,17,01/31/17:22:30:01
Topic-7,67,01/31/17:22:30:01
Topic-8,46,01/31/17:22:30:01
Topic-9,24,01/31/17:22:30:01
Topic-0,93,01/31/17:23:00:01
Topic-1,42,01/31/17:23:00:01
Topic-2,103,01/31/17:23:00:01
Topic-3,61,01/31/17:23:00:01
Topic-4,30,01/31/17:23:00:01
Topic-5,19,01/31/17:23:00:01
Topic-6,21,01/31/17:23:00:01
Topic-7,44,01/31/17:23:00:01
Topic-8,18,01/31/17:23:00:01
Topic-9,16,01/31/17:23:00:01
Topic-0,81,01/31/17:23:30:01
Topic-1,16,01/31/17:23:30:01
Topic-2,292,01/31/17:23:30:01
Topic-3,49,01/31/17:23:30:01
Topic-4,14,01/31/17:23:30:01
Topic-5,19,01/31/17:23:30:01
Topic-6,9,01/31/17:23:30:01
Topic-7,39,01/31/17:23:30:01
Topic-8,17,01/31/17:23:30:01
Topic-9,23,01/31/17:23:30:01
Topic-0,57,02/01/17:00:00:01
Topic-1,13,02/01/17:00:00:01
Topic-2,152,02/01/17:00:00:01
Topic-3,46,02/01/17:00:00:01
Topic-4,18,02/01/17:00:00:01
Topic-5,20,02/01/17:00:00:01
Topic-6,11,02/01/17:00:00:01
Topic-7,23,02/01/17:00:00:01
Topic-8,24,02/01/17:00:00:01
Topic-9,10,02/01/17:00:00:01
Topic-0,64,02/01/17:00:30:01
Topic-1,22,02/01/17:00:30:01
Topic-2,99,02/01/17:00:30:01
Topic-3,69,02/01/17:00:30:01
Topic-4,19,02/01/17:00:30:01
Topic-5,16,02/01/17:00:30:01
Topic-6,11,02/01/17:00:30:01
Topic-7,38,02/01/17:00:30:01
Topic-8,16,02/01/17:00:30:01
Topic-9,6,02/01/17:00:30:01
Topic-0,95,02/01/17:01:00:01
Topic-1,14,02/01/17:01:00:01
Topic-2,76,02/01/17:01:00:01
Topic-3,41,02/01/17:01:00:01
Topic-4,16,02/01/17:01:00:01
Topic-5,32,02/01/17:01:00:01
Topic-6,11,02/01/17:01:00:01
Topic-7,23,02/01/17:01:00:01
Topic-8,25,02/01/17:01:00:01
Topic-9,14,02/01/17:01:00:01
Topic-0,79,02/01/17:01:30:01
Topic-1,14,02/01/17:01:30:01
Topic-2,72,02/01/17:01:30:01
Topic-3,60,02/01/17:01:30:01
Topic-4,16,02/01/17:01:30:01
Topic-5,26,02/01/17:01:30:01
Topic-6,3,02/01/17:01:30:01
Topic-7,18,02/01/17:01:30:01
Topic-8,24,02/01/17:01:30:01
Topic-9,16,02/01/17:01:30:01
Topic-0,59,02/01/17:02:00:01
Topic-1,25,02/01/17:02:00:01
Topic-2,52,02/01/17:02:00:01
Topic-3,37,02/01/17:02:00:01
Topic-4,26,02/01/17:02:00:01
Topic-5,37,02/01/17:02:00:01
Topic-6,14,02/01/17:02:00:01
Topic-7,20,02/01/17:02:00:01
Topic-8,17,02/01/17:02:00:01
Topic-9,10,02/01/17:02:00:01
Topic-0,85,02/01/17:02:30:01
Topic-1,11,02/01/17:02:30:01
Topic-2,49,02/01/17:02:30:01
Topic-3,42,02/01/17:02:30:01
Topic-4,17,02/01/17:02:30:01
Topic-5,14,02/01/17:02:30:01
Topic-6,10,02/01/17:02:30:01
Topic-7,35,02/01/17:02:30:01
Topic-8,17,02/01/17:02:30:01
Topic-9,9,02/01/17:02:30:01
Topic-0,45,02/01/17:03:00:01
Topic-1,19,02/01/17:03:00:01
Topic-2,39,02/01/17:03:00:01
Topic-3,52,02/01/17:03:00:01
Topic-4,21,02/01/17:03:00:01
Topic-5,29,02/01/17:03:00:01
Topic-6,13,02/01/17:03:00:01
Topic-7,28,02/01/17:03:00:01
Topic-8,15,02/01/17:03:00:01
Topic-9,11,02/01/17:03:00:01
Topic-0,80,02/01/17:03:30:01
Topic-1,15,02/01/17:03:30:01
Topic-2,25,02/01/17:03:30:01
Topic-3,19,02/01/17:03:30:01
Topic-4,15,02/01/17:03:30:01
Topic-5,18,02/01/17:03:30:01
Topic-6,5,02/01/17:03:30:01
Topic-7,22,02/01/17:03:30:01
Topic-8,6,02/01/17:03:30:01
Topic-9,11,02/01/17:03:30:01
Topic-0,53,02/01/17:04:00:01
Topic-1,11,02/01/17:04:00:01
Topic-2,40,02/01/17:04:00:01
Topic-3,24,02/01/17:04:00:01
Topic-4,23,02/01/17:04:00:01
Topic-5,14,02/01/17:04:00:01
Topic-6,6,02/01/17:04:00:01
Topic-7,19,02/01/17:04:00:01
Topic-8,15,02/01/17:04:00:01
Topic-9,5,02/01/17:04:00:01
Topic-0,31,02/01/17:04:30:01
Topic-1,12,02/01/17:04:30:01
Topic-2,29,02/01/17:04:30:01
Topic-3,32,02/01/17:04:30:01
Topic-4,22,02/01/17:04:30:01
Topic-5,12,02/01/17:04:30:01
Topic-6,9,02/01/17:04:30:01
Topic-7,15,02/01/17:04:30:01
Topic-8,9,02/01/17:04:30:01
Topic-9,4,02/01/17:04:30:01
Topic-0,35,02/01/17:05:00:01
Topic-1,10,02/01/17:05:00:01
Topic-2,39,02/01/17:05:00:01
Topic-3,31,02/01/17:05:00:01
Topic-4,13,02/01/17:05:00:01
Topic-5,14,02/01/17:05:00:01
Topic-6,8,02/01/17:05:00:01
Topic-7,14,02/01/17:05:00:01
Topic-8,16,02/01/17:05:00:01
Topic-9,6,02/01/17:05:00:01
Topic-0,29,02/01/17:05:30:01
Topic-1,8,02/01/17:05:30:01
Topic-2,31,02/01/17:05:30:01
Topic-3,25,02/01/17:05:30:01
Topic-4,14,02/01/17:05:30:01
Topic-5,9,02/01/17:05:30:01
Topic-6,7,02/01/17:05:30:01
Topic-7,12,02/01/17:05:30:01
Topic-8,14,02/01/17:05:30:01
Topic-9,4,02/01/17:05:30:01
Topic-0,27,02/01/17:06:00:01
Topic-1,8,02/01/17:06:00:01
Topic-2,20,02/01/17:06:00:01
Topic-3,17,02/01/17:06:00:01
Topic-4,17,02/01/17:06:00:01
Topic-5,15,02/01/17:06:00:01
Topic-6,8,02/01/17:06:00:01
Topic-7,13,02/01/17:06:00:01
Topic-8,16,02/01/17:06:00:01
Topic-9,8,02/01/17:06:00:01
Topic-0,23,02/01/17:06:30:01
Topic-1,9,02/01/17:06:30:01
Topic-2,23,02/01/17:06:30:01
Topic-3,6,02/01/17:06:30:01
Topic-4,16,02/01/17:06:30:01
Topic-5,9,02/01/17:06:30:01
Topic-6,16,02/01/17:06:30:01
Topic-7,20,02/01/17:06:30:01
Topic-8,21,02/01/17:06:30:01
Topic-9,7,02/01/17:06:30:01
Topic-0,25,02/01/17:07:00:01
Topic-1,2,02/01/17:07:00:01
Topic-2,31,02/01/17:07:00:01
Topic-3,18,02/01/17:07:00:01
Topic-4,12,02/01/17:07:00:01
Topic-5,11,02/01/17:07:00:01
Topic-6,10,02/01/17:07:00:01
Topic-7,13,02/01/17:07:00:01
Topic-8,16,02/01/17:07:00:01
Topic-9,1,02/01/17:07:00:01
Topic-0,44,02/01/17:07:30:01
Topic-1,12,02/01/17:07:30:01
Topic-2,22,02/01/17:07:30:01
Topic-3,9,02/01/17:07:30:01
Topic-4,7,02/01/17:07:30:01
Topic-5,10,02/01/17:07:30:01
Topic-6,6,02/01/17:07:30:01
Topic-7,8,02/01/17:07:30:01
Topic-8,13,02/01/17:07:30:01
Topic-9,3,02/01/17:07:30:01
Topic-0,23,02/01/17:08:00:01
Topic-1,17,02/01/17:08:00:01
Topic-2,17,02/01/17:08:00:01
Topic-3,21,02/01/17:08:00:01
Topic-4,24,02/01/17:08:00:01
Topic-5,14,02/01/17:08:00:01
Topic-6,9,02/01/17:08:00:01
Topic-7,12,02/01/17:08:00:01
Topic-8,22,02/01/17:08:00:01
Topic-9,6,02/01/17:08:00:01
Topic-0,29,02/01/17:08:30:01
Topic-1,19,02/01/17:08:30:01
Topic-2,30,02/01/17:08:30:01
Topic-3,14,02/01/17:08:30:01
Topic-4,9,02/01/17:08:30:01
Topic-5,11,02/01/17:08:30:01
Topic-6,9,02/01/17:08:30:01
Topic-7,12,02/01/17:08:30:01
Topic-8,20,02/01/17:08:30:01
Topic-9,7,02/01/17:08:30:01
Topic-0,43,02/01/17:09:00:01
Topic-1,7,02/01/17:09:00:01
Topic-2,17,02/01/17:09:00:01
Topic-3,16,02/01/17:09:00:01
Topic-4,16,02/01/17:09:00:01
Topic-5,9,02/01/17:09:00:01
Topic-6,13,02/01/17:09:00:01
Topic-7,17,02/01/17:09:00:01
Topic-8,21,02/01/17:09:00:01
Topic-9,6,02/01/17:09:00:01
Topic-0,38,02/01/17:09:30:01
Topic-1,14,02/01/17:09:30:01
Topic-2,38,02/01/17:09:30:01
Topic-3,16,02/01/17:09:30:01
Topic-4,21,02/01/17:09:30:01
Topic-5,25,02/01/17:09:30:01
Topic-6,20,02/01/17:09:30:01
Topic-7,11,02/01/17:09:30:01
Topic-8,19,02/01/17:09:30:01
Topic-9,3,02/01/17:09:30:01
Topic-0,32,02/01/17:10:00:01
Topic-1,30,02/01/17:10:00:01
Topic-2,29,02/01/17:10:00:01
Topic-3,26,02/01/17:10:00:01
Topic-4,24,02/01/17:10:00:01
Topic-5,16,02/01/17:10:00:01
Topic-6,26,02/01/17:10:00:01
Topic-7,16,02/01/17:10:00:01
Topic-8,24,02/01/17:10:00:01
Topic-9,6,02/01/17:10:00:01
Topic-0,69,02/01/17:10:30:01
Topic-1,17,02/01/17:10:30:01
Topic-2,57,02/01/17:10:30:01
Topic-3,27,02/01/17:10:30:01
Topic-4,21,02/01/17:10:30:01
Topic-5,21,02/01/17:10:30:01
Topic-6,25,02/01/17:10:30:01
Topic-7,14,02/01/17:10:30:01
Topic-8,18,02/01/17:10:30:01
Topic-9,5,02/01/17:10:30:01
Topic-0,81,02/01/17:11:00:01
Topic-1,21,02/01/17:11:00:01
Topic-2,43,02/01/17:11:00:01
Topic-3,42,02/01/17:11:00:01
Topic-4,20,02/01/17:11:00:01
Topic-5,22,02/01/17:11:00:01
Topic-6,18,02/01/17:11:00:01
Topic-7,27,02/01/17:11:00:01
Topic-8,35,02/01/17:11:00:01
Topic-9,9,02/01/17:11:00:01
Topic-0,69,02/01/17:11:30:01
Topic-1,17,02/01/17:11:30:01
Topic-2,43,02/01/17:11:30:01
Topic-3,50,02/01/17:11:30:01
Topic-4,38,02/01/17:11:30:01
Topic-5,14,02/01/17:11:30:01
Topic-6,29,02/01/17:11:30:01
Topic-7,38,02/01/17:11:30:01
Topic-8,53,02/01/17:11:30:01
Topic-9,14,02/01/17:11:30:01
Topic-0,73,02/01/17:12:00:01
Topic-1,22,02/01/17:12:00:01
Topic-2,42,02/01/17:12:00:01
Topic-3,55,02/01/17:12:00:01
Topic-4,20,02/01/17:12:00:01
Topic-5,16,02/01/17:12:00:01
Topic-6,20,02/01/17:12:00:01
Topic-7,28,02/01/17:12:00:01
Topic-8,35,02/01/17:12:00:01
Topic-9,14,02/01/17:12:00:01
Topic-0,62,02/01/17:12:30:01
Topic-1,9,02/01/17:12:30:01
Topic-2,59,02/01/17:12:30:01
Topic-3,51,02/01/17:12:30:01
Topic-4,41,02/01/17:12:30:01
Topic-5,11,02/01/17:12:30:01
Topic-6,33,02/01/17:12:30:01
Topic-7,33,02/01/17:12:30:01
Topic-8,28,02/01/17:12:30:01
Topic-9,5,02/01/17:12:30:01
Topic-0,104,02/01/17:13:00:01
Topic-1,32,02/01/17:13:00:01
Topic-2,69,02/01/17:13:00:01
Topic-3,33,02/01/17:13:00:01
Topic-4,23,02/01/17:13:00:01
Topic-5,23,02/01/17:13:00:01
Topic-6,20,02/01/17:13:00:01
Topic-7,38,02/01/17:13:00:01
Topic-8,32,02/01/17:13:00:01
Topic-9,6,02/01/17:13:00:01
Topic-0,115,02/01/17:13:30:01
Topic-1,28,02/01/17:13:30:01
Topic-2,66,02/01/17:13:30:01
Topic-3,64,02/01/17:13:30:01
Topic-4,24,02/01/17:13:30:01
Topic-5,15,02/01/17:13:30:01
Topic-6,16,02/01/17:13:30:01
Topic-7,29,02/01/17:13:30:01
Topic-8,34,02/01/17:13:30:01
Topic-9,8,02/01/17:13:30:01
Topic-0,63,02/01/17:14:00:01
Topic-1,33,02/01/17:14:00:01
Topic-2,64,02/01/17:14:00:01
Topic-3,89,02/01/17:14:00:01
Topic-4,26,02/01/17:14:00:01
Topic-5,18,02/01/17:14:00:01
Topic-6,36,02/01/17:14:00:01
Topic-7,13,02/01/17:14:00:01
Topic-8,34,02/01/17:14:00:01
Topic-9,6,02/01/17:14:00:01
Topic-0,79,02/01/17:14:30:01
Topic-1,34,02/01/17:14:30:01
Topic-2,50,02/01/17:14:30:01
Topic-3,101,02/01/17:14:30:01
Topic-4,31,02/01/17:14:30:01
Topic-5,20,02/01/17:14:30:01
Topic-6,21,02/01/17:14:30:01
Topic-7,36,02/01/17:14:30:01
Topic-8,19,02/01/17:14:30:01
Topic-9,7,02/01/17:14:30:01
Topic-0,80,02/01/17:15:00:01
Topic-1,28,02/01/17:15:00:01
Topic-2,65,02/01/17:15:00:01
Topic-3,65,02/01/17:15:00:01
Topic-4,25,02/01/17:15:00:01
Topic-5,10,02/01/17:15:00:01
Topic-6,15,02/01/17:15:00:01
Topic-7,43,02/01/17:15:00:01
Topic-8,60,02/01/17:15:00:01
Topic-9,15,02/01/17:15:00:01
Topic-0,122,02/01/17:15:30:01
Topic-1,22,02/01/17:15:30:01
Topic-2,91,02/01/17:15:30:01
Topic-3,95,02/01/17:15:30:01
Topic-4,27,02/01/17:15:30:01
Topic-5,21,02/01/17:15:30:01
Topic-6,20,02/01/17:15:30:01
Topic-7,30,02/01/17:15:30:01
Topic-8,45,02/01/17:15:30:01
Topic-9,4,02/01/17:15:30:01
Topic-0,85,02/01/17:16:00:01
Topic-1,29,02/01/17:16:00:01
Topic-2,47,02/01/17:16:00:01
Topic-3,99,02/01/17:16:00:01
Topic-4,21,02/01/17:16:00:01
Topic-5,17,02/01/17:16:00:01
Topic-6,22,02/01/17:16:00:01
Topic-7,36,02/01/17:16:00:01
Topic-8,54,02/01/17:16:00:01
Topic-9,9,02/01/17:16:00:01
Topic-0,92,02/01/17:16:30:01
Topic-1,20,02/01/17:16:30:01
Topic-2,66,02/01/17:16:30:01
Topic-3,95,02/01/17:16:30:01
Topic-4,34,02/01/17:16:30:01
Topic-5,17,02/01/17:16:30:01
Topic-6,10,02/01/17:16:30:01
Topic-7,26,02/01/17:16:30:01
Topic-8,46,02/01/17:16:30:01
Topic-9,4,02/01/17:16:30:01
Topic-0,73,02/01/17:17:00:01
Topic-1,25,02/01/17:17:00:01
Topic-2,54,02/01/17:17:00:01
Topic-3,116,02/01/17:17:00:01
Topic-4,26,02/01/17:17:00:01
Topic-5,18,02/01/17:17:00:01
Topic-6,12,02/01/17:17:00:01
Topic-7,21,02/01/17:17:00:01
Topic-8,73,02/01/17:17:00:01
Topic-9,3,02/01/17:17:00:01
Topic-0,72,02/01/17:17:30:01
Topic-1,22,02/01/17:17:30:01
Topic-2,47,02/01/17:17:30:01
Topic-3,124,02/01/17:17:30:01
Topic-4,17,02/01/17:17:30:01
Topic-5,14,02/01/17:17:30:01
Topic-6,18,02/01/17:17:30:01
Topic-7,29,02/01/17:17:30:01
Topic-8,73,02/01/17:17:30:01
Topic-9,6,02/01/17:17:30:01
Topic-0,68,02/01/17:18:00:01
Topic-1,25,02/01/17:18:00:01
Topic-2,43,02/01/17:18:00:01
Topic-3,113,02/01/17:18:00:01
Topic-4,39,02/01/17:18:00:01
Topic-5,15,02/01/17:18:00:01
Topic-6,19,02/01/17:18:00:01
Topic-7,21,02/01/17:18:00:01
Topic-8,55,02/01/17:18:00:01
Topic-9,5,02/01/17:18:00:01
Topic-0,53,02/01/17:18:30:01
Topic-1,14,02/01/17:18:30:01
Topic-2,33,02/01/17:18:30:01
Topic-3,120,02/01/17:18:30:01
Topic-4,29,02/01/17:18:30:01
Topic-5,43,02/01/17:18:30:01
Topic-6,9,02/01/17:18:30:01
Topic-7,15,02/01/17:18:30:01
Topic-8,64,02/01/17:18:30:01
Topic-9,10,02/01/17:18:30:01
Topic-0,70,02/01/17:19:00:01
Topic-1,23,02/01/17:19:00:01
Topic-2,41,02/01/17:19:00:01
Topic-3,131,02/01/17:19:00:01
Topic-4,25,02/01/17:19:00:01
Topic-5,47,02/01/17:19:00:01
Topic-6,14,02/01/17:19:00:01
Topic-7,16,02/01/17:19:00:01
Topic-8,48,02/01/17:19:00:01
Topic-9,10,02/01/17:19:00:01
Topic-0,65,02/01/17:19:30:01
Topic-1,18,02/01/17:19:30:01
Topic-2,45,02/01/17:19:30:01
Topic-3,124,02/01/17:19:30:01
Topic-4,24,02/01/17:19:30:01
Topic-5,35,02/01/17:19:30:01
Topic-6,12,02/01/17:19:30:01
Topic-7,37,02/01/17:19:30:01
Topic-8,51,02/01/17:19:30:01
Topic-9,8,02/01/17:19:30:01
Topic-0,58,02/01/17:20:00:01
Topic-1,16,02/01/17:20:00:01
Topic-2,33,02/01/17:20:00:01
Topic-3,107,02/01/17:20:00:01
Topic-4,9,02/01/17:20:00:01
Topic-5,37,02/01/17:20:00:01
Topic-6,15,02/01/17:20:00:01
Topic-7,25,02/01/17:20:00:01
Topic-8,59,02/01/17:20:00:01
Topic-9,4,02/01/17:20:00:01
Topic-0,49,02/01/17:20:30:01
Topic-1,33,02/01/17:20:30:01
Topic-2,31,02/01/17:20:30:01
Topic-3,116,02/01/17:20:30:01
Topic-4,28,02/01/17:20:30:01
Topic-5,29,02/01/17:20:30:01
Topic-6,10,02/01/17:20:30:01
Topic-7,20,02/01/17:20:30:01
Topic-8,46,02/01/17:20:30:01
Topic-9,8,02/01/17:20:30:01
Topic-0,60,02/01/17:21:00:01
Topic-1,24,02/01/17:21:00:01
Topic-2,37,02/01/17:21:00:01
Topic-3,124,02/01/17:21:00:01
Topic-4,20,02/01/17:21:00:01
Topic-5,28,02/01/17:21:00:01
Topic-6,17,02/01/17:21:00:01
Topic-7,21,02/01/17:21:00:01
Topic-8,54,02/01/17:21:00:01
Topic-9,5,02/01/17:21:00:01
Topic-0,81,02/01/17:21:30:01
Topic-1,20,02/01/17:21:30:01
Topic-2,49,02/01/17:21:30:01
Topic-3,113,02/01/17:21:30:01
Topic-4,14,02/01/17:21:30:01
Topic-5,35,02/01/17:21:30:01
Topic-6,11,02/01/17:21:30:01
Topic-7,27,02/01/17:21:30:01
Topic-8,41,02/01/17:21:30:01
Topic-9,5,02/01/17:21:30:01
Topic-0,55,02/01/17:22:00:01
Topic-1,15,02/01/17:22:00:01
Topic-2,44,02/01/17:22:00:01
Topic-3,138,02/01/17:22:00:01
Topic-4,27,02/01/17:22:00:01
Topic-5,23,02/01/17:22:00:01
Topic-6,20,02/01/17:22:00:01
Topic-7,22,02/01/17:22:00:01
Topic-8,52,02/01/17:22:00:01
Topic-9,7,02/01/17:22:00:01
Topic-0,77,02/01/17:22:30:01
Topic-1,13,02/01/17:22:30:01
Topic-2,24,02/01/17:22:30:01
Topic-3,138,02/01/17:22:30:01
Topic-4,19,02/01/17:22:30:01
Topic-5,33,02/01/17:22:30:01
Topic-6,7,02/01/17:22:30:01
Topic-7,21,02/01/17:22:30:01
Topic-8,65,02/01/17:22:30:01
Topic-9,5,02/01/17:22:30:01
Topic-0,69,02/01/17:23:00:01
Topic-1,17,02/01/17:23:00:01
Topic-2,27,02/01/17:23:00:01
Topic-3,125,02/01/17:23:00:01
Topic-4,17,02/01/17:23:00:01
Topic-5,37,02/01/17:23:00:01
Topic-6,12,02/01/17:23:00:01
Topic-7,16,02/01/17:23:00:01
Topic-8,65,02/01/17:23:00:01
Topic-9,5,02/01/17:23:00:01
Topic-0,83,02/01/17:23:30:01
Topic-1,20,02/01/17:23:30:01
Topic-2,34,02/01/17:23:30:01
Topic-3,138,02/01/17:23:30:01
Topic-4,12,02/01/17:23:30:01
Topic-5,26,02/01/17:23:30:01
Topic-6,13,02/01/17:23:30:01
Topic-7,16,02/01/17:23:30:01
Topic-8,99,02/01/17:23:30:01
Topic-9,4,02/01/17:23:30:01
Topic-0,77,02/02/17:00:00:01
Topic-1,18,02/02/17:00:00:01
Topic-2,20,02/02/17:00:00:01
Topic-3,122,02/02/17:00:00:01
Topic-4,29,02/02/17:00:00:01
Topic-5,32,02/02/17:00:00:01
Topic-6,10,02/02/17:00:00:01
Topic-7,28,02/02/17:00:00:01
Topic-8,89,02/02/17:00:00:01
Topic-9,4,02/02/17:00:00:01
Topic-0,75,02/02/17:00:30:01
Topic-1,13,02/02/17:00:30:01
Topic-2,34,02/02/17:00:30:01
Topic-3,88,02/02/17:00:30:01
Topic-4,11,02/02/17:00:30:01
Topic-5,33,02/02/17:00:30:01
Topic-6,17,02/02/17:00:30:01
Topic-7,14,02/02/17:00:30:01
Topic-8,75,02/02/17:00:30:01
Topic-9,7,02/02/17:00:30:01
Topic-0,84,02/02/17:01:00:01
Topic-1,11,02/02/17:01:00:01
Topic-2,33,02/02/17:01:00:01
Topic-3,105,02/02/17:01:00:01
Topic-4,13,02/02/17:01:00:01
Topic-5,36,02/02/17:01:00:01
Topic-6,10,02/02/17:01:00:01
Topic-7,24,02/02/17:01:00:01
Topic-8,74,02/02/17:01:00:01
Topic-9,4,02/02/17:01:00:01
Topic-0,88,02/02/17:01:30:01
Topic-1,14,02/02/17:01:30:01
Topic-2,34,02/02/17:01:30:01
Topic-3,76,02/02/17:01:30:01
Topic-4,10,02/02/17:01:30:01
Topic-5,17,02/02/17:01:30:01
Topic-6,22,02/02/17:01:30:01
Topic-7,20,02/02/17:01:30:01
Topic-8,118,02/02/17:01:30:01
Topic-9,6,02/02/17:01:30:01
Topic-0,91,02/02/17:02:00:01
Topic-1,20,02/02/17:02:00:01
Topic-2,41,02/02/17:02:00:01
Topic-3,61,02/02/17:02:00:01
Topic-4,16,02/02/17:02:00:01
Topic-5,35,02/02/17:02:00:01
Topic-6,9,02/02/17:02:00:01
Topic-7,8,02/02/17:02:00:01
Topic-8,100,02/02/17:02:00:01
Topic-9,5,02/02/17:02:00:01
Topic-0,97,02/02/17:02:30:01
Topic-1,13,02/02/17:02:30:01
Topic-2,22,02/02/17:02:30:01
Topic-3,73,02/02/17:02:30:01
Topic-4,11,02/02/17:02:30:01
Topic-5,32,02/02/17:02:30:01
Topic-6,7,02/02/17:02:30:01
Topic-7,20,02/02/17:02:30:01
Topic-8,116,02/02/17:02:30:01
Topic-9,1,02/02/17:02:30:01
Topic-0,63,02/02/17:03:00:01
Topic-1,15,02/02/17:03:00:01
Topic-2,12,02/02/17:03:00:01
Topic-3,59,02/02/17:03:00:01
Topic-4,13,02/02/17:03:00:01
Topic-5,47,02/02/17:03:00:01
Topic-6,8,02/02/17:03:00:01
Topic-7,15,02/02/17:03:00:01
Topic-8,98,02/02/17:03:00:01
Topic-9,5,02/02/17:03:00:01
Topic-0,65,02/02/17:03:30:01
Topic-1,12,02/02/17:03:30:01
Topic-2,10,02/02/17:03:30:01
Topic-3,75,02/02/17:03:30:01
Topic-4,15,02/02/17:03:30:01
Topic-5,24,02/02/17:03:30:01
Topic-6,7,02/02/17:03:30:01
Topic-7,16,02/02/17:03:30:01
Topic-8,94,02/02/17:03:30:01
Topic-9,6,02/02/17:03:30:01
Topic-0,45,02/02/17:04:00:01
Topic-1,20,02/02/17:04:00:01
Topic-2,12,02/02/17:04:00:01
Topic-3,71,02/02/17:04:00:01
Topic-4,9,02/02/17:04:00:01
Topic-5,19,02/02/17:04:00:01
Topic-6,2,02/02/17:04:00:01
Topic-7,14,02/02/17:04:00:01
Topic-8,61,02/02/17:04:00:01
Topic-9,4,02/02/17:04:00:01
Topic-0,42,02/02/17:04:30:01
Topic-1,12,02/02/17:04:30:01
Topic-2,19,02/02/17:04:30:01
Topic-3,42,02/02/17:04:30:01
Topic-4,18,02/02/17:04:30:01
Topic-5,26,02/02/17:04:30:01
Topic-6,3,02/02/17:04:30:01
Topic-7,16,02/02/17:04:30:01
Topic-8,55,02/02/17:04:30:01
Topic-9,4,02/02/17:04:30:01
Topic-0,37,02/02/17:05:00:01
Topic-1,13,02/02/17:05:00:01
Topic-2,8,02/02/17:05:00:01
Topic-3,54,02/02/17:05:00:01
Topic-4,12,02/02/17:05:00:01
Topic-5,20,02/02/17:05:00:01
Topic-6,8,02/02/17:05:00:01
Topic-7,12,02/02/17:05:00:01
Topic-8,59,02/02/17:05:00:01
Topic-9,1,02/02/17:05:00:01
Topic-0,32,02/02/17:05:30:01
Topic-1,5,02/02/17:05:30:01
Topic-2,17,02/02/17:05:30:01
Topic-3,35,02/02/17:05:30:01
Topic-4,11,02/02/17:05:30:01
Topic-5,20,02/02/17:05:30:01
Topic-6,4,02/02/17:05:30:01
Topic-7,8,02/02/17:05:30:01
Topic-8,57,02/02/17:05:30:01
Topic-9,5,02/02/17:05:30:01
Topic-0,34,02/02/17:06:00:01
Topic-1,9,02/02/17:06:00:01
Topic-2,13,02/02/17:06:00:01
Topic-3,30,02/02/17:06:00:01
Topic-4,7,02/02/17:06:00:01
Topic-5,7,02/02/17:06:00:01
Topic-6,9,02/02/17:06:00:01
Topic-7,12,02/02/17:06:00:01
Topic-8,62,02/02/17:06:00:01
Topic-9,2,02/02/17:06:00:01
Topic-0,33,02/02/17:06:30:01
Topic-1,6,02/02/17:06:30:01
Topic-2,9,02/02/17:06:30:01
Topic-3,33,02/02/17:06:30:01
Topic-4,5,02/02/17:06:30:01
Topic-5,22,02/02/17:06:30:01
Topic-6,7,02/02/17:06:30:01
Topic-7,6,02/02/17:06:30:01
Topic-8,68,02/02/17:06:30:01
Topic-9,0,02/02/17:06:30:01
Topic-0,42,02/02/17:07:00:01
Topic-1,9,02/02/17:07:00:01
Topic-2,19,02/02/17:07:00:01
Topic-3,14,02/02/17:07:00:01
Topic-4,10,02/02/17:07:00:01
Topic-5,13,02/02/17:07:00:01
Topic-6,8,02/02/17:07:00:01
Topic-7,1,02/02/17:07:00:01
Topic-8,56,02/02/17:07:00:01
Topic-9,1,02/02/17:07:00:01
Topic-0,40,02/02/17:07:30:01
Topic-1,2,02/02/17:07:30:01
Topic-2,10,02/02/17:07:30:01
Topic-3,22,02/02/17:07:30:01
Topic-4,15,02/02/17:07:30:01
Topic-5,15,02/02/17:07:30:01
Topic-6,5,02/02/17:07:30:01
Topic-7,6,02/02/17:07:30:01
Topic-8,45,02/02/17:07:30:01
Topic-9,2,02/02/17:07:30:01
Topic-0,16,02/02/17:08:00:01
Topic-1,3,02/02/17:08:00:01
Topic-2,4,02/02/17:08:00:01
Topic-3,19,02/02/17:08:00:01
Topic-4,13,02/02/17:08:00:01
Topic-5,11,02/02/17:08:00:01
Topic-6,2,02/02/17:08:00:01
Topic-7,12,02/02/17:08:00:01
Topic-8,60,02/02/17:08:00:01
Topic-9,2,02/02/17:08:00:01
Topic-0,38,02/02/17:08:30:01
Topic-1,8,02/02/17:08:30:01
Topic-2,7,02/02/17:08:30:01
Topic-3,25,02/02/17:08:30:01
Topic-4,5,02/02/17:08:30:01
Topic-5,11,02/02/17:08:30:01
Topic-6,3,02/02/17:08:30:01
Topic-7,5,02/02/17:08:30:01
Topic-8,50,02/02/17:08:30:01
Topic-9,2,02/02/17:08:30:01
Topic-0,28,02/02/17:09:00:01
Topic-1,8,02/02/17:09:00:01
Topic-2,11,02/02/17:09:00:01
Topic-3,35,02/02/17:09:00:01
Topic-4,14,02/02/17:09:00:01
Topic-5,12,02/02/17:09:00:01
Topic-6,7,02/02/17:09:00:01
Topic-7,10,02/02/17:09:00:01
Topic-8,28,02/02/17:09:00:01
Topic-9,0,02/02/17:09:00:01
Topic-0,40,02/02/17:09:30:01
Topic-1,11,02/02/17:09:30:01
Topic-2,10,02/02/17:09:30:01
Topic-3,28,02/02/17:09:30:01
Topic-4,12,02/02/17:09:30:01
Topic-5,21,02/02/17:09:30:01
Topic-6,15,02/02/17:09:30:01
Topic-7,9,02/02/17:09:30:01
Topic-8,64,02/02/17:09:30:01
Topic-9,2,02/02/17:09:30:01
Topic-0,49,02/02/17:10:00:01
Topic-1,8,02/02/17:10:00:01
Topic-2,16,02/02/17:10:00:01
Topic-3,33,02/02/17:10:00:01
Topic-4,19,02/02/17:10:00:01
Topic-5,24,02/02/17:10:00:01
Topic-6,7,02/02/17:10:00:01
Topic-7,32,02/02/17:10:00:01
Topic-8,57,02/02/17:10:00:01
Topic-9,1,02/02/17:10:00:01
Topic-0,65,02/02/17:10:30:01
Topic-1,5,02/02/17:10:30:01
Topic-2,7,02/02/17:10:30:01
Topic-3,46,02/02/17:10:30:01
Topic-4,12,02/02/17:10:30:01
Topic-5,16,02/02/17:10:30:01
Topic-6,13,02/02/17:10:30:01
Topic-7,33,02/02/17:10:30:01
Topic-8,61,02/02/17:10:30:01
Topic-9,0,02/02/17:10:30:01
Topic-0,43,02/02/17:11:00:01
Topic-1,10,02/02/17:11:00:01
Topic-2,15,02/02/17:11:00:01
Topic-3,48,02/02/17:11:00:01
Topic-4,8,02/02/17:11:00:01
Topic-5,30,02/02/17:11:00:01
Topic-6,8,02/02/17:11:00:01
Topic-7,21,02/02/17:11:00:01
Topic-8,89,02/02/17:11:00:01
Topic-9,2,02/02/17:11:00:01
Topic-0,58,02/02/17:11:30:01
Topic-1,14,02/02/17:11:30:01
Topic-2,17,02/02/17:11:30:01
Topic-3,50,02/02/17:11:30:01
Topic-4,21,02/02/17:11:30:01
Topic-5,30,02/02/17:11:30:01
Topic-6,11,02/02/17:11:30:01
Topic-7,24,02/02/17:11:30:01
Topic-8,101,02/02/17:11:30:01
Topic-9,2,02/02/17:11:30:01
Topic-0,48,02/02/17:12:00:01
Topic-1,13,02/02/17:12:00:01
Topic-2,13,02/02/17:12:00:01
Topic-3,82,02/02/17:12:00:01
Topic-4,10,02/02/17:12:00:01
Topic-5,25,02/02/17:12:00:01
Topic-6,15,02/02/17:12:00:01
Topic-7,26,02/02/17:12:00:01
Topic-8,81,02/02/17:12:00:01
Topic-9,5,02/02/17:12:00:01
Topic-0,56,02/02/17:12:30:01
Topic-1,11,02/02/17:12:30:01
Topic-2,18,02/02/17:12:30:01
Topic-3,73,02/02/17:12:30:01
Topic-4,18,02/02/17:12:30:01
Topic-5,29,02/02/17:12:30:01
Topic-6,9,02/02/17:12:30:01
Topic-7,39,02/02/17:12:30:01
Topic-8,157,02/02/17:12:30:01
Topic-9,5,02/02/17:12:30:01
Topic-0,84,02/02/17:13:00:01
Topic-1,10,02/02/17:13:00:01
Topic-2,19,02/02/17:13:00:01
Topic-3,80,02/02/17:13:00:01
Topic-4,16,02/02/17:13:00:01
Topic-5,38,02/02/17:13:00:01
Topic-6,23,02/02/17:13:00:01
Topic-7,38,02/02/17:13:00:01
Topic-8,195,02/02/17:13:00:01
Topic-9,5,02/02/17:13:00:01
Topic-0,76,02/02/17:13:30:01
Topic-1,16,02/02/17:13:30:01
Topic-2,19,02/02/17:13:30:01
Topic-3,70,02/02/17:13:30:01
Topic-4,18,02/02/17:13:30:01
Topic-5,44,02/02/17:13:30:01
Topic-6,21,02/02/17:13:30:01
Topic-7,51,02/02/17:13:30:01
Topic-8,201,02/02/17:13:30:01
Topic-9,11,02/02/17:13:30:01
Topic-0,58,02/02/17:14:00:01
Topic-1,14,02/02/17:14:00:01
Topic-2,20,02/02/17:14:00:01
Topic-3,69,02/02/17:14:00:01
Topic-4,15,02/02/17:14:00:01
Topic-5,35,02/02/17:14:00:01
Topic-6,9,02/02/17:14:00:01
Topic-7,43,02/02/17:14:00:01
Topic-8,165,02/02/17:14:00:01
Topic-9,22,02/02/17:14:00:01
Topic-0,92,02/02/17:14:30:01
Topic-1,27,02/02/17:14:30:01
Topic-2,15,02/02/17:14:30:01
Topic-3,62,02/02/17:14:30:01
Topic-4,14,02/02/17:14:30:01
Topic-5,47,02/02/17:14:30:01
Topic-6,12,02/02/17:14:30:01
Topic-7,25,02/02/17:14:30:01
Topic-8,179,02/02/17:14:30:01
Topic-9,14,02/02/17:14:30:01
Topic-0,96,02/02/17:15:00:01
Topic-1,14,02/02/17:15:00:01
Topic-2,20,02/02/17:15:00:01
Topic-3,66,02/02/17:15:00:01
Topic-4,12,02/02/17:15:00:01
Topic-5,35,02/02/17:15:00:01
Topic-6,24,02/02/17:15:00:01
Topic-7,26,02/02/17:15:00:01
Topic-8,195,02/02/17:15:00:01
Topic-9,10,02/02/17:15:00:01
Topic-0,80,02/02/17:15:30:01
Topic-1,16,02/02/17:15:30:01
Topic-2,20,02/02/17:15:30:01
Topic-3,88,02/02/17:15:30:01
Topic-4,12,02/02/17:15:30:01
Topic-5,55,02/02/17:15:30:01
Topic-6,27,02/02/17:15:30:01
Topic-7,38,02/02/17:15:30:01
Topic-8,188,02/02/17:15:30:01
Topic-9,26,02/02/17:15:30:01
Topic-0,106,02/02/17:16:00:01
Topic-1,22,02/02/17:16:00:01
Topic-2,22,02/02/17:16:00:01
Topic-3,75,02/02/17:16:00:01
Topic-4,20,02/02/17:16:00:01
Topic-5,38,02/02/17:16:00:01
Topic-6,16,02/02/17:16:00:01
Topic-7,37,02/02/17:16:00:01
Topic-8,216,02/02/17:16:00:01
Topic-9,25,02/02/17:16:00:01
Topic-0,83,02/02/17:16:30:01
Topic-1,20,02/02/17:16:30:01
Topic-2,15,02/02/17:16:30:01
Topic-3,77,02/02/17:16:30:01
Topic-4,19,02/02/17:16:30:01
Topic-5,38,02/02/17:16:30:01
Topic-6,20,02/02/17:16:30:01
Topic-7,35,02/02/17:16:30:01
Topic-8,178,02/02/17:16:30:01
Topic-9,4,02/02/17:16:30:01
Topic-0,55,02/02/17:17:00:01
Topic-1,19,02/02/17:17:00:01
Topic-2,31,02/02/17:17:00:01
Topic-3,58,02/02/17:17:00:01
Topic-4,20,02/02/17:17:00:01
Topic-5,27,02/02/17:17:00:01
Topic-6,15,02/02/17:17:00:01
Topic-7,23,02/02/17:17:00:01
Topic-8,187,02/02/17:17:00:01
Topic-9,17,02/02/17:17:00:01
Topic-0,53,02/02/17:17:30:01
Topic-1,14,02/02/17:17:30:01
Topic-2,30,02/02/17:17:30:01
Topic-3,59,02/02/17:17:30:01
Topic-4,19,02/02/17:17:30:01
Topic-5,30,02/02/17:17:30:01
Topic-6,9,02/02/17:17:30:01
Topic-7,28,02/02/17:17:30:01
Topic-8,174,02/02/17:17:30:01
Topic-9,3,02/02/17:17:30:01
Topic-0,70,02/02/17:18:00:01
Topic-1,19,02/02/17:18:00:01
Topic-2,10,02/02/17:18:00:01
Topic-3,47,02/02/17:18:00:01
Topic-4,14,02/02/17:18:00:01
Topic-5,41,02/02/17:18:00:01
Topic-6,17,02/02/17:18:00:01
Topic-7,31,02/02/17:18:00:01
Topic-8,141,02/02/17:18:00:01
Topic-9,9,02/02/17:18:00:01
Topic-0,66,02/02/17:18:30:01
Topic-1,32,02/02/17:18:30:01
Topic-2,13,02/02/17:18:30:01
Topic-3,60,02/02/17:18:30:01
Topic-4,22,02/02/17:18:30:01
Topic-5,37,02/02/17:18:30:01
Topic-6,21,02/02/17:18:30:01
Topic-7,18,02/02/17:18:30:01
Topic-8,146,02/02/17:18:30:01
Topic-9,6,02/02/17:18:30:01
Topic-0,64,02/02/17:19:00:01
Topic-1,19,02/02/17:19:00:01
Topic-2,29,02/02/17:19:00:01
Topic-3,63,02/02/17:19:00:01
Topic-4,20,02/02/17:19:00:01
Topic-5,32,02/02/17:19:00:01
Topic-6,19,02/02/17:19:00:01
Topic-7,16,02/02/17:19:00:01
Topic-8,143,02/02/17:19:00:01
Topic-9,21,02/02/17:19:00:01
Topic-0,58,02/02/17:19:30:01
Topic-1,18,02/02/17:19:30:01
Topic-2,20,02/02/17:19:30:01
Topic-3,72,02/02/17:19:30:01
Topic-4,20,02/02/17:19:30:01
Topic-5,62,02/02/17:19:30:01
Topic-6,13,02/02/17:19:30:01
Topic-7,37,02/02/17:19:30:01
Topic-8,129,02/02/17:19:30:01
Topic-9,7,02/02/17:19:30:01
Topic-0,79,02/02/17:20:00:01
Topic-1,31,02/02/17:20:00:01
Topic-2,9,02/02/17:20:00:01
Topic-3,54,02/02/17:20:00:01
Topic-4,28,02/02/17:20:00:01
Topic-5,59,02/02/17:20:00:01
Topic-6,20,02/02/17:20:00:01
Topic-7,32,02/02/17:20:00:01
Topic-8,153,02/02/17:20:00:01
Topic-9,10,02/02/17:20:00:01
Topic-0,63,02/02/17:20:30:01
Topic-1,10,02/02/17:20:30:01
Topic-2,17,02/02/17:20:30:01
Topic-3,57,02/02/17:20:30:01
Topic-4,27,02/02/17:20:30:01
Topic-5,103,02/02/17:20:30:01
Topic-6,16,02/02/17:20:30:01
Topic-7,25,02/02/17:20:30:01
Topic-8,124,02/02/17:20:30:01
Topic-9,8,02/02/17:20:30:01
Topic-0,89,02/02/17:21:00:01
Topic-1,23,02/02/17:21:00:01
Topic-2,21,02/02/17:21:00:01
Topic-3,44,02/02/17:21:00:01
Topic-4,26,02/02/17:21:00:01
Topic-5,78,02/02/17:21:00:01
Topic-6,20,02/02/17:21:00:01
Topic-7,26,02/02/17:21:00:01
Topic-8,123,02/02/17:21:00:01
Topic-9,7,02/02/17:21:00:01
